-- MySQL dump 10.13  Distrib 8.0.23, for Linux (x86_64)
--
-- Host: localhost    Database: vk
-- ------------------------------------------------------
-- Server version	8.0.23-0ubuntu0.20.04.1

/*!40101 SET @OLD_CHARACTER_SET_CLIENT=@@CHARACTER_SET_CLIENT */;
/*!40101 SET @OLD_CHARACTER_SET_RESULTS=@@CHARACTER_SET_RESULTS */;
/*!40101 SET @OLD_COLLATION_CONNECTION=@@COLLATION_CONNECTION */;
/*!50503 SET NAMES utf8mb4 */;
/*!40103 SET @OLD_TIME_ZONE=@@TIME_ZONE */;
/*!40103 SET TIME_ZONE='+00:00' */;
/*!40014 SET @OLD_UNIQUE_CHECKS=@@UNIQUE_CHECKS, UNIQUE_CHECKS=0 */;
/*!40014 SET @OLD_FOREIGN_KEY_CHECKS=@@FOREIGN_KEY_CHECKS, FOREIGN_KEY_CHECKS=0 */;
/*!40101 SET @OLD_SQL_MODE=@@SQL_MODE, SQL_MODE='NO_AUTO_VALUE_ON_ZERO' */;
/*!40111 SET @OLD_SQL_NOTES=@@SQL_NOTES, SQL_NOTES=0 */;

--
-- Table structure for table `communities`
--

DROP TABLE IF EXISTS `communities`;
/*!40101 SET @saved_cs_client     = @@character_set_client */;
/*!50503 SET character_set_client = utf8mb4 */;
CREATE TABLE `communities` (
  `id` int unsigned NOT NULL AUTO_INCREMENT COMMENT 'Идентификатор сроки',
  `name` varchar(150) CHARACTER SET utf8mb4 COLLATE utf8mb4_unicode_ci NOT NULL COMMENT 'Название группы',
  `created_at` datetime DEFAULT CURRENT_TIMESTAMP COMMENT 'Время создания строки',
  `updated_at` datetime DEFAULT CURRENT_TIMESTAMP ON UPDATE CURRENT_TIMESTAMP COMMENT 'Время обновления строки',
  PRIMARY KEY (`id`),
  UNIQUE KEY `name` (`name`)
) ENGINE=InnoDB AUTO_INCREMENT=101 DEFAULT CHARSET=utf8mb4 COLLATE=utf8mb4_unicode_ci COMMENT='Группы';
/*!40101 SET character_set_client = @saved_cs_client */;

--
-- Dumping data for table `communities`
--

LOCK TABLES `communities` WRITE;
/*!40000 ALTER TABLE `communities` DISABLE KEYS */;
INSERT INTO `communities` VALUES (1,'cynthia.cremin','2019-12-19 13:42:07','2020-12-26 06:01:55'),(2,'alarkin','2013-07-24 07:46:02','2018-12-30 06:42:12'),(3,'hintz.delfina','2017-09-13 04:47:26','2021-04-30 21:59:52'),(4,'gibson.helena','2020-01-25 17:28:14','2021-04-30 21:59:52'),(5,'coy.stark','2014-10-26 21:36:31','2021-04-30 21:59:52'),(6,'florine.turner','2011-06-08 02:27:30','2012-11-09 01:05:47'),(7,'sframi','2011-07-06 08:43:34','2018-02-23 03:03:21'),(8,'kaylie61','2014-12-05 08:53:35','2021-04-30 21:59:52'),(9,'santino.schneider','2014-01-08 23:18:52','2016-09-18 10:58:10'),(10,'amanda.schulist','2013-01-16 03:17:07','2020-06-21 09:29:15'),(11,'mdavis','2015-08-12 17:41:25','2020-05-09 04:07:19'),(12,'wyundt','2014-09-04 02:42:29','2021-04-30 21:59:52'),(13,'alysa.nader','2014-05-02 22:59:23','2018-10-12 03:55:50'),(14,'bednar.clotilde','2012-09-09 08:14:51','2015-09-15 02:55:10'),(15,'ireilly','2017-06-29 18:14:42','2021-04-30 21:59:52'),(16,'wilburn.cormier','2019-12-17 04:18:08','2021-04-30 21:59:52'),(17,'oyost','2015-09-20 03:42:43','2019-06-03 03:21:52'),(18,'schmeler.ivy','2020-02-21 15:49:37','2021-04-30 21:59:52'),(19,'moen.layne','2017-12-12 02:33:33','2021-04-30 21:59:52'),(20,'jamie21','2014-03-29 10:19:20','2020-06-07 21:00:09'),(21,'nathanial59','2011-06-13 09:22:26','2019-02-08 08:05:48'),(22,'warren.kunze','2018-12-05 01:27:17','2019-03-10 22:20:04'),(23,'mario.mcglynn','2014-10-29 09:47:04','2019-08-11 06:15:11'),(24,'keira.luettgen','2017-01-04 08:55:54','2021-04-30 21:59:52'),(25,'ahintz','2017-11-25 17:45:21','2021-04-30 21:59:52'),(26,'wisoky.norbert','2018-07-07 23:40:04','2021-04-30 21:59:52'),(27,'fryan','2013-06-08 06:28:09','2016-09-18 16:00:52'),(28,'nicholaus.watsica','2020-10-16 22:09:54','2021-04-30 21:59:52'),(29,'dan.lowe','2020-02-03 11:36:45','2021-04-30 21:59:52'),(30,'bergstrom.dell','2014-05-19 22:55:21','2014-05-21 07:39:31');
/*!40000 ALTER TABLE `communities` ENABLE KEYS */;
UNLOCK TABLES;

--
-- Table structure for table `communities_users`
--

DROP TABLE IF EXISTS `communities_users`;
/*!40101 SET @saved_cs_client     = @@character_set_client */;
/*!50503 SET character_set_client = utf8mb4 */;
CREATE TABLE `communities_users` (
  `community_id` int unsigned NOT NULL COMMENT 'Ссылка на группу',
  `user_id` int unsigned NOT NULL COMMENT 'Ссылка на пользователя',
  `created_at` datetime DEFAULT CURRENT_TIMESTAMP COMMENT 'Время создания строки',
  PRIMARY KEY (`community_id`,`user_id`) COMMENT 'Составной первичный ключ'
) ENGINE=InnoDB DEFAULT CHARSET=utf8mb4 COLLATE=utf8mb4_unicode_ci COMMENT='Участники групп, связь между пользователями и группами';
/*!40101 SET character_set_client = @saved_cs_client */;

--
-- Dumping data for table `communities_users`
--

LOCK TABLES `communities_users` WRITE;
/*!40000 ALTER TABLE `communities_users` DISABLE KEYS */;
INSERT INTO `communities_users` VALUES (1,65,'2014-07-30 01:26:01'),(2,10,'2021-03-07 08:38:42'),(2,72,'2015-12-28 08:35:12'),(2,98,'2014-06-18 05:24:06'),(3,17,'2015-12-12 14:19:32'),(3,32,'2015-01-05 03:51:03'),(3,43,'2020-02-15 01:09:31'),(3,60,'2014-09-07 05:14:03'),(3,95,'2016-01-05 12:02:59'),(4,39,'2015-12-23 15:04:33'),(4,40,'2019-10-24 10:39:38'),(4,60,'2016-03-30 14:42:51'),(4,81,'2019-10-26 04:49:58'),(4,93,'2017-07-27 05:21:59'),(5,51,'2012-12-20 21:14:27'),(5,87,'2014-09-02 12:49:50'),(6,9,'2016-11-01 15:31:43'),(6,37,'2016-08-28 07:47:43'),(7,15,'2015-07-27 05:53:41'),(7,19,'2018-09-24 20:22:56'),(7,42,'2016-11-22 18:24:31'),(7,94,'2012-01-16 17:59:50'),(7,98,'2016-06-02 14:17:36'),(8,65,'2014-08-26 16:20:58'),(8,70,'2014-10-26 03:18:22'),(9,50,'2011-09-04 12:08:09'),(9,77,'2018-10-16 17:16:14'),(10,37,'2014-07-06 20:03:09'),(10,40,'2013-08-01 22:54:28'),(10,55,'2019-10-23 03:25:15'),(11,51,'2018-08-03 08:51:17'),(11,64,'2015-01-27 05:47:58'),(11,99,'2015-09-27 07:50:43'),(12,33,'2011-09-22 16:59:31'),(12,45,'2012-07-24 06:58:13'),(12,66,'2016-06-29 21:30:29'),(12,81,'2012-07-01 13:44:45'),(12,93,'2012-12-25 11:30:58'),(13,3,'2017-01-20 18:39:24'),(13,32,'2012-05-21 05:17:03'),(13,46,'2018-04-05 18:06:43'),(13,62,'2013-10-10 07:17:29'),(13,66,'2019-04-20 13:52:45'),(13,70,'2018-01-22 12:35:00'),(13,89,'2013-12-24 22:52:03'),(13,99,'2017-06-07 05:50:04'),(14,37,'2020-06-27 02:13:24'),(14,94,'2018-05-08 06:22:39'),(15,8,'2013-08-19 12:01:22'),(15,12,'2013-11-05 00:37:28'),(15,27,'2013-12-22 20:52:17'),(15,51,'2017-03-30 17:11:07'),(15,91,'2013-04-04 01:29:46'),(15,100,'2013-12-09 05:16:27'),(16,13,'2011-11-16 13:36:31'),(16,22,'2020-06-13 03:30:26'),(16,24,'2012-08-16 00:08:28'),(16,75,'2020-07-10 03:34:23'),(17,4,'2012-06-29 04:45:55'),(17,21,'2018-09-27 22:46:51'),(17,31,'2019-12-23 04:38:54'),(17,43,'2012-12-30 19:02:45'),(18,2,'2018-05-08 17:44:08'),(18,37,'2018-02-02 21:08:14'),(18,67,'2012-11-08 14:11:07'),(18,80,'2015-05-13 08:27:19'),(19,21,'2019-12-07 01:03:33'),(19,35,'2013-08-04 04:04:49'),(19,63,'2014-02-26 11:12:14'),(19,88,'2012-01-07 09:58:49'),(19,96,'2021-04-18 08:43:22'),(20,50,'2020-08-25 23:43:37'),(20,64,'2016-01-18 22:12:57'),(20,89,'2014-07-18 00:07:17'),(21,87,'2019-10-22 20:47:42'),(22,2,'2014-02-21 20:36:17'),(22,15,'2020-06-10 05:03:24'),(22,51,'2013-12-01 02:40:51'),(22,64,'2017-12-28 08:13:36'),(22,85,'2019-11-13 01:05:44'),(22,100,'2018-06-12 08:31:17'),(23,38,'2019-07-17 03:40:43'),(23,40,'2013-12-21 04:15:41'),(23,73,'2020-05-31 16:31:14'),(23,95,'2013-09-17 03:53:27'),(24,10,'2012-10-24 05:20:34'),(24,19,'2013-04-25 14:42:40'),(24,50,'2018-02-02 20:14:28'),(24,88,'2017-10-21 08:40:37'),(25,56,'2013-10-17 18:37:38'),(25,94,'2013-09-20 22:46:36'),(26,6,'2017-01-06 11:12:07'),(26,8,'2020-10-29 04:50:30'),(26,52,'2016-02-16 20:48:59'),(27,71,'2016-09-18 05:35:44'),(27,72,'2015-01-15 14:43:54'),(28,6,'2013-08-19 02:33:11'),(28,14,'2014-06-19 17:38:50'),(28,74,'2013-10-23 05:22:52'),(30,54,'2019-10-03 05:36:56');
/*!40000 ALTER TABLE `communities_users` ENABLE KEYS */;
UNLOCK TABLES;

--
-- Table structure for table `friendship`
--

DROP TABLE IF EXISTS `friendship`;
/*!40101 SET @saved_cs_client     = @@character_set_client */;
/*!50503 SET character_set_client = utf8mb4 */;
CREATE TABLE `friendship` (
  `user_id` int unsigned NOT NULL COMMENT 'Ссылка на инициатора дружеских отношений',
  `friend_id` int unsigned NOT NULL COMMENT 'Ссылка на получателя приглашения дружить',
  `friendship_status_id` int unsigned NOT NULL COMMENT 'Ссылка на статус (текущее состояние) отношений',
  `confirmed_at` datetime DEFAULT NULL COMMENT 'Время подтверждения приглашения',
  `created_at` datetime DEFAULT CURRENT_TIMESTAMP COMMENT 'Время создания строки',
  `updated_at` datetime DEFAULT CURRENT_TIMESTAMP ON UPDATE CURRENT_TIMESTAMP COMMENT 'Время обновления строки',
  PRIMARY KEY (`user_id`,`friend_id`) COMMENT 'Составной первичный ключ'
) ENGINE=InnoDB DEFAULT CHARSET=utf8mb4 COLLATE=utf8mb4_unicode_ci COMMENT='Таблица дружбы';
/*!40101 SET character_set_client = @saved_cs_client */;

--
-- Dumping data for table `friendship`
--

LOCK TABLES `friendship` WRITE;
/*!40000 ALTER TABLE `friendship` DISABLE KEYS */;
INSERT INTO `friendship` VALUES (1,81,2,'1980-01-31 22:50:14','1980-01-31 22:50:14','2021-04-30 22:08:15'),(4,27,3,'1974-10-09 00:44:14','1982-04-17 02:09:24','2021-04-30 21:50:33'),(4,28,3,'1976-03-30 10:58:34','2009-11-29 10:27:17','2021-04-30 21:50:33'),(4,36,2,'1974-08-11 21:50:10','2018-04-14 06:46:19','2021-04-30 21:50:33'),(5,72,2,'1970-02-11 13:54:38','2007-11-26 03:26:03','2021-04-30 22:04:36'),(7,32,2,'1979-07-23 15:16:43','1979-07-23 15:16:43','2021-04-30 22:08:15'),(8,47,3,'1978-03-21 19:04:13','2007-09-20 18:01:04','2021-04-30 21:50:33'),(8,56,1,'1972-03-24 11:50:30','1972-03-24 11:50:30','2021-04-30 22:08:15'),(8,70,2,'1974-12-25 16:18:32','1998-11-03 16:18:47','2021-04-30 21:50:33'),(9,55,2,'1995-05-16 20:38:42','1998-04-21 09:19:30','2021-04-30 21:50:33'),(9,90,1,'1970-06-08 14:58:16','1970-06-08 14:58:16','2021-04-30 22:08:15'),(10,97,3,'1986-05-28 16:24:43','1986-05-28 16:24:43','2021-04-30 22:08:15'),(11,30,3,'2005-05-22 15:25:18','2005-05-22 15:25:18','2021-04-30 22:08:15'),(12,5,3,'1980-10-09 19:39:18','1980-10-09 19:39:18','2021-04-30 22:08:15'),(12,69,3,'1989-04-29 04:52:10','2020-05-07 15:15:00','2021-04-30 21:50:33'),(12,77,1,'1978-04-19 05:16:01','2013-10-11 04:17:31','2021-04-30 21:50:33'),(13,93,2,'1986-01-05 04:39:21','1996-10-03 05:32:19','2021-04-30 22:04:36'),(15,78,3,'1972-05-09 03:10:07','2010-01-16 20:38:18','2021-04-30 21:50:33'),(16,82,1,'1971-07-26 18:57:16','2005-08-17 11:34:06','2021-04-30 21:50:33'),(17,16,3,'1997-07-02 09:40:20','1997-07-02 09:40:20','2021-04-30 22:08:15'),(18,1,3,'1996-03-02 09:44:46','2018-05-23 03:48:43','2021-04-30 21:50:33'),(20,94,3,'1990-01-23 10:38:56','1990-01-23 10:38:56','2021-04-30 22:08:15'),(24,73,2,'1984-08-23 09:03:28','1984-08-23 09:03:28','2021-04-30 22:08:15'),(25,88,3,'1995-05-30 21:10:53','1995-05-30 21:10:53','2021-04-30 22:08:15'),(25,96,2,'1970-05-24 11:03:14','2017-06-23 15:18:26','2021-04-30 22:04:36'),(27,79,1,'1995-09-07 13:02:12','2005-04-02 01:55:44','2021-04-30 21:50:33'),(28,32,1,'1980-05-30 22:14:12','2012-11-30 20:35:26','2021-04-30 22:04:36'),(29,15,3,'1970-10-15 04:26:57','2004-01-05 23:04:20','2021-04-30 21:50:33'),(31,63,1,'1992-08-27 02:00:06','2005-08-13 22:34:46','2021-04-30 21:50:33'),(31,70,1,'1974-07-18 06:27:56','1974-07-18 06:27:56','2021-04-30 22:08:15'),(34,56,1,'1988-05-04 11:50:17','1988-05-04 11:50:17','2021-04-30 22:08:15'),(34,97,3,'1971-09-23 00:20:29','1971-09-23 00:20:29','2021-04-30 22:08:15'),(37,25,2,'2008-04-14 23:12:47','2018-08-23 22:42:12','2021-04-30 21:50:33'),(38,61,1,'1974-03-24 20:58:17','1974-03-24 20:58:17','2021-04-30 22:08:15'),(39,33,1,'1986-08-30 20:28:50','1992-04-26 09:04:25','2021-04-30 21:50:33'),(40,39,2,'1977-08-05 22:16:57','1988-06-23 04:34:47','2021-04-30 22:04:36'),(43,52,3,'1971-02-02 09:23:01','2002-03-23 22:44:17','2021-04-30 21:50:33'),(44,77,3,'1971-03-26 09:18:07','2018-02-14 01:18:31','2021-04-30 21:50:33'),(45,95,3,'1983-04-23 23:52:46','1989-09-27 08:19:29','2021-04-30 21:50:33'),(46,36,1,'1975-03-25 08:34:46','1982-01-03 04:42:15','2021-04-30 21:50:33'),(46,43,2,'1976-02-26 12:58:11','1995-02-27 04:52:32','2021-04-30 21:50:33'),(51,57,1,'1985-07-29 21:15:58','1985-07-29 21:15:58','2021-04-30 22:08:15'),(53,56,1,'1973-04-30 07:49:41','2008-02-25 14:29:22','2021-04-30 21:50:33'),(54,55,3,'1983-01-21 01:41:33','2013-02-07 22:58:09','2021-04-30 21:50:33'),(54,83,1,'1975-12-22 10:48:54','1989-12-16 03:05:43','2004-09-11 09:42:37'),(54,99,3,'1986-09-10 18:50:09','1986-09-10 18:50:09','2021-04-30 22:08:15'),(55,36,3,'1978-12-04 08:20:37','1978-12-04 08:20:37','2021-04-30 22:08:15'),(59,16,3,'1973-06-10 10:00:14','1979-10-20 03:40:13','1983-07-31 04:14:06'),(59,41,3,'1981-04-13 10:21:31','1981-04-13 10:21:31','2021-04-30 22:08:15'),(59,45,2,'1976-06-04 19:25:33','1976-06-04 19:25:33','2021-04-30 22:08:15'),(59,75,1,'2012-03-05 15:14:48','2012-03-05 15:14:48','2021-04-30 22:08:15'),(61,10,1,'2000-07-05 12:59:48','2018-01-17 15:23:59','2021-04-30 21:50:33'),(61,93,3,'1970-12-10 01:51:37','1970-12-10 01:51:37','2021-04-30 22:08:15'),(63,71,3,'1980-01-04 23:17:10','1980-01-04 23:17:10','2021-04-30 22:08:15'),(64,80,2,'1976-10-25 13:57:38','2019-07-28 00:20:55','2021-04-30 21:50:33'),(65,81,3,'1975-01-29 06:34:48','1992-10-15 09:34:54','2021-04-30 21:50:33'),(66,44,3,'1981-04-06 11:28:48','1991-01-10 18:43:47','2021-04-30 21:50:33'),(68,86,1,'1971-12-23 14:14:58','2020-10-17 21:11:29','2021-04-30 21:50:33'),(68,89,1,'1971-11-01 06:24:29','1971-11-01 06:24:29','2021-04-30 22:08:15'),(69,41,1,'1992-08-04 16:07:31','1992-08-04 16:07:31','2021-04-30 22:08:15'),(70,30,2,'1989-06-03 22:23:54','2005-06-14 21:27:56','2021-04-30 21:50:33'),(70,57,2,'1981-11-13 23:05:03','1981-11-13 23:05:03','2021-04-30 22:08:15'),(73,4,3,'1986-05-09 19:46:55','1986-05-09 19:46:55','2021-04-30 22:08:15'),(74,45,2,'1981-03-02 01:31:04','1990-11-15 15:06:32','2021-04-30 21:50:33'),(74,72,3,'1972-07-06 18:38:32','2016-09-29 22:01:04','2021-04-30 21:50:33'),(75,7,1,'1992-07-06 12:01:41','1992-07-06 12:01:41','2021-04-30 22:08:15'),(75,71,3,'1982-05-10 04:33:19','1998-01-26 03:06:49','2009-10-01 04:58:15'),(76,4,2,'1997-12-20 04:42:18','2014-08-23 00:26:49','2021-04-30 21:50:33'),(76,20,3,'2011-07-05 18:01:07','2014-11-19 23:01:42','2021-04-30 21:50:33'),(77,51,3,'1993-03-14 05:27:28','1994-10-20 17:30:13','2021-04-30 21:50:33'),(78,15,3,'1998-09-18 10:31:16','1998-09-18 10:31:16','2021-04-30 22:08:15'),(79,41,1,'1995-02-27 23:00:08','2014-04-01 20:08:26','2021-04-30 21:50:33'),(82,5,3,'1971-02-16 05:50:18','2008-02-11 15:49:45','2021-04-30 21:50:33'),(82,19,2,'1977-01-09 19:27:59','1984-09-03 05:59:16','2021-04-30 21:50:33'),(84,73,1,'2014-10-29 06:21:06','2014-10-29 06:21:06','2021-04-30 22:08:15'),(84,90,3,'1976-04-29 09:58:09','2002-04-08 19:13:02','2021-04-30 21:50:33'),(85,24,2,'1992-06-19 02:07:13','1992-06-19 02:07:13','2021-04-30 22:08:15'),(85,62,2,'2002-11-20 00:51:04','2002-11-20 00:51:04','2021-04-30 22:08:15'),(85,68,3,'1988-01-13 14:37:18','1988-01-13 14:37:18','2021-04-30 22:08:15'),(86,71,2,'1989-11-03 19:55:39','2007-10-08 20:45:52','2021-04-30 21:50:33'),(87,1,3,'1999-07-26 09:32:43','1999-07-26 09:32:43','2021-04-30 22:08:15'),(87,17,2,'1978-04-05 00:30:25','2019-11-24 22:06:23','2021-04-30 21:50:33'),(87,58,1,'1980-06-04 20:22:21','2009-02-17 15:02:08','2021-04-30 21:50:33'),(91,13,2,'2006-01-26 12:04:57','2006-01-26 12:04:57','2021-04-30 22:08:15'),(92,47,2,'2000-09-17 23:40:04','2000-09-17 23:40:04','2021-04-30 22:08:15'),(93,19,3,'1995-01-27 02:07:44','2020-09-09 00:40:06','2021-04-30 21:50:33'),(94,2,1,'1997-12-28 21:30:48','1997-12-28 21:30:48','2021-04-30 22:08:15'),(94,63,2,'1980-01-20 07:34:02','1980-01-20 07:34:02','2021-04-30 22:08:15'),(94,73,2,'2004-04-10 19:12:48','2008-02-21 01:32:58','2021-04-30 22:04:36'),(95,55,2,'1980-11-10 13:12:16','1980-11-10 13:12:16','2021-04-30 22:08:15'),(95,98,2,'1974-08-20 12:12:30','1974-08-20 12:12:30','2021-04-30 22:08:15'),(96,79,2,'1990-09-04 11:48:47','2002-10-27 23:26:13','2021-04-30 21:50:33'),(97,43,1,'1978-03-28 17:50:44','2013-02-08 03:11:58','2021-04-30 21:50:33'),(97,100,1,'1976-12-20 03:51:56','1977-07-28 13:09:55','2021-04-30 21:50:33'),(98,16,3,'1972-11-09 02:30:08','1972-11-09 02:30:08','2021-04-30 22:08:15'),(98,64,3,'2012-03-26 20:45:38','2012-03-26 20:45:38','2021-04-30 22:08:15'),(98,93,2,'1977-07-30 07:59:51','2021-01-10 09:13:45','2021-04-30 21:50:33'),(99,5,3,'1977-05-13 15:18:07','2001-05-06 20:14:48','2021-04-30 21:50:33'),(99,17,3,'2009-06-11 23:11:39','2009-06-11 23:11:39','2021-04-30 22:08:15'),(100,63,2,'1992-08-18 06:11:45','1995-04-03 21:17:00','2021-04-30 21:50:33');
/*!40000 ALTER TABLE `friendship` ENABLE KEYS */;
UNLOCK TABLES;

--
-- Table structure for table `friendship_statuses`
--

DROP TABLE IF EXISTS `friendship_statuses`;
/*!40101 SET @saved_cs_client     = @@character_set_client */;
/*!50503 SET character_set_client = utf8mb4 */;
CREATE TABLE `friendship_statuses` (
  `id` int unsigned NOT NULL AUTO_INCREMENT COMMENT 'Идентификатор строки',
  `name` varchar(150) CHARACTER SET utf8mb4 COLLATE utf8mb4_unicode_ci NOT NULL COMMENT 'Название статуса',
  `created_at` datetime DEFAULT CURRENT_TIMESTAMP COMMENT 'Время создания строки',
  `updated_at` datetime DEFAULT CURRENT_TIMESTAMP ON UPDATE CURRENT_TIMESTAMP COMMENT 'Время обновления строки',
  PRIMARY KEY (`id`),
  UNIQUE KEY `name` (`name`)
) ENGINE=InnoDB AUTO_INCREMENT=4 DEFAULT CHARSET=utf8mb4 COLLATE=utf8mb4_unicode_ci COMMENT='Статусы дружбы';
/*!40101 SET character_set_client = @saved_cs_client */;

--
-- Dumping data for table `friendship_statuses`
--

LOCK TABLES `friendship_statuses` WRITE;
/*!40000 ALTER TABLE `friendship_statuses` DISABLE KEYS */;
INSERT INTO `friendship_statuses` VALUES (1,'Requested','2021-04-30 22:02:53','2021-04-30 22:02:53'),(2,'Confirmed','2021-04-30 22:02:53','2021-04-30 22:02:53'),(3,'Rejected','2021-04-30 22:02:53','2021-04-30 22:02:53');
/*!40000 ALTER TABLE `friendship_statuses` ENABLE KEYS */;
UNLOCK TABLES;

--
-- Table structure for table `media`
--

DROP TABLE IF EXISTS `media`;
/*!40101 SET @saved_cs_client     = @@character_set_client */;
/*!50503 SET character_set_client = utf8mb4 */;
CREATE TABLE `media` (
  `id` int unsigned NOT NULL AUTO_INCREMENT COMMENT 'Идентификатор строки',
  `user_id` int unsigned NOT NULL COMMENT 'Ссылка на пользователя, который загрузил файл',
  `filename` varchar(255) CHARACTER SET utf8mb4 COLLATE utf8mb4_unicode_ci NOT NULL COMMENT 'Путь к файлу',
  `size` int NOT NULL COMMENT 'Размер файла',
  `metadata` json DEFAULT NULL,
  `media_type_id` int unsigned NOT NULL COMMENT 'Ссылка на тип контента',
  `created_at` datetime DEFAULT CURRENT_TIMESTAMP COMMENT 'Время создания строки',
  `updated_at` datetime DEFAULT CURRENT_TIMESTAMP ON UPDATE CURRENT_TIMESTAMP COMMENT 'Время обновления строки',
  PRIMARY KEY (`id`),
  CONSTRAINT `media_chk_1` CHECK (json_valid(`metadata`))
) ENGINE=InnoDB AUTO_INCREMENT=101 DEFAULT CHARSET=utf8mb4 COLLATE=utf8mb4_unicode_ci COMMENT='Медиафайлы';
/*!40101 SET character_set_client = @saved_cs_client */;

--
-- Dumping data for table `media`
--

LOCK TABLES `media` WRITE;
/*!40000 ALTER TABLE `media` DISABLE KEYS */;
INSERT INTO `media` VALUES (1,13,'http://dropbox.net/vk/eum.avi',48259,'{\"owner\": \"Olga Leuschke\"}',2,'2012-02-07 12:54:36','2021-04-30 20:16:56'),(2,42,'http://dropbox.net/vk/lorem.jpeg',42726,'{\"owner\": \"Whitney Pouros\"}',2,'2021-03-18 03:20:37','2021-04-30 20:16:56'),(3,35,'http://dropbox.net/vk/consectetur.mp4',24314,'{\"owner\": \"Jarret Crist\"}',1,'2017-08-10 01:22:23','2021-04-30 20:16:56'),(4,11,'http://dropbox.net/vk/eum.jpeg',26275,'{\"owner\": \"Pamela O\'Kon\"}',3,'2014-06-11 07:18:58','2021-04-30 20:16:56'),(5,31,'http://dropbox.net/vk/dolor.jpeg',40204,'{\"owner\": \"Brady Bailey\"}',2,'2017-03-15 02:40:52','2021-04-30 20:16:56'),(6,58,'http://dropbox.net/vk/elit.png',36708,'{\"owner\": \"Afton Kulas\"}',3,'2016-03-29 12:12:42','2021-04-30 20:16:56'),(7,59,'http://dropbox.net/vk/amet.jpeg',10495,'{\"owner\": \"Justyn Daniel\"}',3,'2012-06-27 22:10:02','2021-04-30 20:16:56'),(8,3,'http://dropbox.net/vk/adipisicing.mp4',12484,'{\"owner\": \"Kamille Mills\"}',1,'2021-02-13 13:21:22','2021-04-30 20:16:56'),(9,41,'http://dropbox.net/vk/ipsum.jpeg',25525,'{\"owner\": \"Rachael Strosin\"}',2,'2012-08-25 10:01:03','2021-04-30 20:16:56'),(10,97,'http://dropbox.net/vk/elit.avi',21844,'{\"owner\": \"Julien Gutmann\"}',3,'2016-03-29 16:29:10','2021-04-30 20:16:56'),(11,68,'http://dropbox.net/vk/amet.mp4',47221,'{\"owner\": \"Tiffany Leannon\"}',1,'2012-09-26 17:53:53','2021-04-30 20:16:56'),(12,9,'http://dropbox.net/vk/amet.avi',41970,'{\"owner\": \"Ericka Koepp\"}',3,'2020-05-10 02:38:12','2021-04-30 20:16:56'),(13,1,'http://dropbox.net/vk/elit.jpeg',35432,'{\"owner\": \"Rosetta Kilback\"}',1,'2016-01-24 18:05:35','2021-04-30 20:16:56'),(14,66,'http://dropbox.net/vk/consectetur.png',47544,'{\"owner\": \"Martine Lehner\"}',3,'2019-03-03 10:19:37','2021-04-30 20:16:56'),(15,40,'http://dropbox.net/vk/eum.png',23262,'{\"owner\": \"Boyd Effertz\"}',1,'2013-11-25 14:24:38','2021-04-30 20:16:56'),(16,33,'http://dropbox.net/vk/amet.mp4',12632,'{\"owner\": \"Wade Runolfsson\"}',1,'2018-11-18 12:23:36','2021-04-30 20:16:56'),(17,86,'http://dropbox.net/vk/amet.jpeg',16573,'{\"owner\": \"Ahmad Quigley\"}',2,'2019-03-15 19:06:07','2021-04-30 20:16:56'),(18,53,'http://dropbox.net/vk/consectetur.png',21895,'{\"owner\": \"Devyn Runte\"}',2,'2014-02-28 09:50:27','2021-04-30 20:16:56'),(19,56,'http://dropbox.net/vk/elit.png',22754,'{\"owner\": \"Eulah Terry\"}',2,'2014-10-22 07:07:38','2021-04-30 20:16:56'),(20,30,'http://dropbox.net/vk/sit.mp3',42451,'{\"owner\": \"Nicolette Klein\"}',3,'2020-01-04 07:38:14','2021-04-30 20:16:56'),(21,90,'http://dropbox.net/vk/elit.mp3',33697,'{\"owner\": \"Weldon Rempel\"}',2,'2019-10-01 06:39:14','2021-04-30 20:16:56'),(22,50,'http://dropbox.net/vk/lorem.jpeg',20415,'{\"owner\": \"Dahlia Wyman\"}',2,'2013-03-30 07:08:25','2021-04-30 20:16:56'),(23,49,'http://dropbox.net/vk/incidunt.jpeg',17340,'{\"owner\": \"Ursula Gutmann\"}',3,'2015-10-09 14:06:10','2021-04-30 20:16:56'),(24,38,'http://dropbox.net/vk/elit.jpeg',41542,'{\"owner\": \"Verna Schulist\"}',3,'2020-05-21 08:13:48','2021-04-30 20:16:56'),(25,34,'http://dropbox.net/vk/eum.avi',49935,'{\"owner\": \"Wiley Hammes\"}',2,'2012-01-09 06:57:27','2021-04-30 20:16:56'),(26,12,'http://dropbox.net/vk/eum.mp3',18855,'{\"owner\": \"Shayna Dickinson\"}',3,'2015-01-26 11:51:19','2021-04-30 20:16:56'),(27,54,'http://dropbox.net/vk/eum.mp3',25936,'{\"owner\": \"Doris Kautzer\"}',3,'2020-10-27 11:47:17','2021-04-30 20:16:56'),(28,70,'http://dropbox.net/vk/consectetur.mp3',33381,'{\"owner\": \"Raphael Wolf\"}',2,'2013-10-17 22:51:02','2021-04-30 20:16:56'),(29,15,'http://dropbox.net/vk/amet.jpeg',37899,'{\"owner\": \"Mabelle Zieme\"}',2,'2020-04-29 10:53:49','2021-04-30 20:16:56'),(30,80,'http://dropbox.net/vk/ipsum.png',49472,'{\"owner\": \"Alison Monahan\"}',3,'2014-09-24 15:33:45','2021-04-30 20:16:56'),(31,64,'http://dropbox.net/vk/adipisicing.mp3',14770,'{\"owner\": \"Lynn Kreiger\"}',3,'2014-01-31 00:10:29','2021-04-30 20:16:56'),(32,82,'http://dropbox.net/vk/adipisicing.mp3',38556,'{\"owner\": \"Randal O\'Conner\"}',1,'2019-11-20 10:11:03','2021-04-30 20:16:56'),(33,47,'http://dropbox.net/vk/amet.mp4',22901,'{\"owner\": \"Lou Emard\"}',3,'2013-12-28 03:22:50','2021-04-30 20:16:56'),(34,67,'http://dropbox.net/vk/eum.mp3',39358,'{\"owner\": \"Mae Gusikowski\"}',3,'2015-05-23 19:16:49','2021-04-30 20:16:56'),(35,57,'http://dropbox.net/vk/sit.png',16879,'{\"owner\": \"Marisol Lynch\"}',3,'2014-08-31 05:05:55','2021-04-30 20:16:56'),(36,72,'http://dropbox.net/vk/adipisicing.png',30433,'{\"owner\": \"Cassie Ratke\"}',2,'2017-12-24 12:03:33','2021-04-30 20:16:56'),(37,87,'http://dropbox.net/vk/adipisicing.jpeg',23824,'{\"owner\": \"Jeffery Reichert\"}',3,'2016-12-02 08:50:24','2021-04-30 20:16:56'),(38,94,'http://dropbox.net/vk/incidunt.mp3',44303,'{\"owner\": \"Dane Bechtelar\"}',1,'2011-07-28 08:35:24','2021-04-30 20:16:56'),(39,79,'http://dropbox.net/vk/ipsum.mp4',42242,'{\"owner\": \"Kassandra Wunsch\"}',2,'2018-05-12 21:48:45','2021-04-30 20:16:56'),(40,84,'http://dropbox.net/vk/elit.mp4',45468,'{\"owner\": \"Triston Bechtelar\"}',3,'2014-07-31 12:05:58','2021-04-30 20:16:56'),(41,29,'http://dropbox.net/vk/amet.mp3',39164,'{\"owner\": \"Jaydon Dach\"}',3,'2015-06-11 08:17:01','2021-04-30 20:16:56'),(42,89,'http://dropbox.net/vk/consectetur.mp3',41500,'{\"owner\": \"Tatum Emmerich\"}',1,'2016-12-24 13:21:07','2021-04-30 20:16:56'),(43,23,'http://dropbox.net/vk/adipisicing.mp4',47529,'{\"owner\": \"Ophelia Padberg\"}',1,'2013-10-19 10:51:41','2021-04-30 20:16:56'),(44,51,'http://dropbox.net/vk/elit.avi',41302,'{\"owner\": \"Darion Wisoky\"}',3,'2016-07-10 04:39:12','2021-04-30 20:16:56'),(45,37,'http://dropbox.net/vk/eum.mp4',42179,'{\"owner\": \"Pearline Jacobson\"}',2,'2011-06-02 23:50:30','2021-04-30 20:16:56'),(46,8,'http://dropbox.net/vk/incidunt.avi',17678,'{\"owner\": \"Willard Windler\"}',1,'2019-06-12 02:42:55','2021-04-30 20:16:56'),(47,73,'http://dropbox.net/vk/sit.avi',43503,'{\"owner\": \"Angelo Ward\"}',1,'2015-01-11 19:59:06','2021-04-30 20:16:56'),(48,36,'http://dropbox.net/vk/dolor.mp4',20850,'{\"owner\": \"Adolphus Batz\"}',2,'2015-02-08 20:44:18','2021-04-30 20:16:56'),(49,43,'http://dropbox.net/vk/dolor.mp3',25703,'{\"owner\": \"Alisa Franecki\"}',2,'2016-10-18 09:16:01','2021-04-30 20:16:56'),(50,27,'http://dropbox.net/vk/incidunt.avi',41388,'{\"owner\": \"Bernardo Senger\"}',3,'2011-08-01 20:17:13','2021-04-30 20:16:56'),(51,18,'http://dropbox.net/vk/dolor.avi',14610,'{\"owner\": \"Clarabelle Harvey\"}',2,'2015-11-06 20:09:40','2021-04-30 20:16:56'),(52,63,'http://dropbox.net/vk/sit.jpeg',48153,'{\"owner\": \"Hellen Legros\"}',3,'2013-12-14 09:09:10','2021-04-30 20:16:56'),(53,20,'http://dropbox.net/vk/incidunt.png',21271,'{\"owner\": \"Adrien Oberbrunner\"}',2,'2020-11-26 13:28:54','2021-04-30 20:16:56'),(54,39,'http://dropbox.net/vk/lorem.mp4',34844,'{\"owner\": \"Jennyfer Heathcote\"}',3,'2017-12-22 15:20:44','2021-04-30 20:16:56'),(55,71,'http://dropbox.net/vk/dolor.avi',37900,'{\"owner\": \"Felix White\"}',2,'2014-12-09 10:42:33','2021-04-30 20:16:56'),(56,6,'http://dropbox.net/vk/lorem.avi',44649,'{\"owner\": \"Guillermo Koepp\"}',3,'2019-11-16 04:01:19','2021-04-30 20:16:56'),(57,81,'http://dropbox.net/vk/incidunt.mp3',43004,'{\"owner\": \"Melba Durgan\"}',2,'2015-05-03 08:32:09','2021-04-30 20:16:56'),(58,91,'http://dropbox.net/vk/adipisicing.jpeg',45340,'{\"owner\": \"Davon Morar\"}',3,'2016-12-28 05:08:59','2021-04-30 20:16:56'),(59,96,'http://dropbox.net/vk/consectetur.mp3',36143,'{\"owner\": \"Lonny Prohaska\"}',1,'2019-09-16 03:15:13','2021-04-30 20:16:56'),(60,10,'http://dropbox.net/vk/consectetur.mp4',41044,'{\"owner\": \"Laura Heller\"}',2,'2021-02-18 18:56:12','2021-04-30 20:16:56'),(61,75,'http://dropbox.net/vk/amet.jpeg',12617,'{\"owner\": \"Earl Nikolaus\"}',2,'2014-08-29 03:43:56','2021-04-30 20:16:56'),(62,52,'http://dropbox.net/vk/ipsum.mp4',12078,'{\"owner\": \"Isabel Fritsch\"}',3,'2013-10-14 09:25:11','2021-04-30 20:16:56'),(63,28,'http://dropbox.net/vk/dolor.mp3',38348,'{\"owner\": \"Elwyn O\'Keefe\"}',1,'2017-10-29 21:30:39','2021-04-30 20:16:56'),(64,25,'http://dropbox.net/vk/adipisicing.mp4',12281,'{\"owner\": \"Vivien Pfannerstill\"}',1,'2011-11-21 00:26:48','2021-04-30 20:16:56'),(65,83,'http://dropbox.net/vk/sit.png',38575,'{\"owner\": \"Edna Huel\"}',3,'2018-11-09 10:53:00','2021-04-30 20:16:56'),(66,19,'http://dropbox.net/vk/sit.jpeg',30011,'{\"owner\": \"Westley West\"}',2,'2019-08-09 23:13:44','2021-04-30 20:16:56'),(67,17,'http://dropbox.net/vk/dolor.avi',26557,'{\"owner\": \"Clare Konopelski\"}',2,'2013-04-20 14:48:10','2021-04-30 20:16:56'),(68,74,'http://dropbox.net/vk/dolor.png',15361,'{\"owner\": \"Jared Hartmann\"}',3,'2016-01-13 04:46:38','2021-04-30 20:16:56'),(69,2,'http://dropbox.net/vk/lorem.mp4',31581,'{\"owner\": \"Samanta Kozey\"}',3,'2017-01-29 07:22:32','2021-04-30 20:16:56'),(70,55,'http://dropbox.net/vk/eum.mp4',33738,'{\"owner\": \"Lucinda Block\"}',1,'2020-03-17 07:47:53','2021-04-30 20:16:56'),(71,22,'http://dropbox.net/vk/ipsum.mp3',29851,'{\"owner\": \"Aylin Spinka\"}',2,'2014-08-05 09:47:29','2021-04-30 20:16:56'),(72,93,'http://dropbox.net/vk/lorem.jpeg',46205,'{\"owner\": \"Jada Bashirian\"}',1,'2018-11-10 10:55:48','2021-04-30 20:16:56'),(73,61,'http://dropbox.net/vk/elit.mp3',36764,'{\"owner\": \"Reagan Ward\"}',3,'2020-10-21 00:03:58','2021-04-30 20:16:56'),(74,24,'http://dropbox.net/vk/consectetur.avi',37841,'{\"owner\": \"Wilber Borer\"}',2,'2013-11-30 22:34:34','2021-04-30 20:16:56'),(75,88,'http://dropbox.net/vk/consectetur.jpeg',34711,'{\"owner\": \"Barrett Rippin\"}',3,'2017-12-11 11:25:46','2021-04-30 20:16:56'),(76,4,'http://dropbox.net/vk/lorem.jpeg',14673,'{\"owner\": \"Alva Roob\"}',1,'2018-03-07 07:30:18','2021-04-30 20:16:56'),(77,44,'http://dropbox.net/vk/elit.png',32611,'{\"owner\": \"Natalia McCullough\"}',3,'2020-01-01 18:23:40','2021-04-30 20:16:56'),(78,85,'http://dropbox.net/vk/adipisicing.mp3',26269,'{\"owner\": \"Kelsie Kuphal\"}',2,'2015-02-23 22:41:13','2021-04-30 20:16:56'),(79,32,'http://dropbox.net/vk/eum.avi',16121,'{\"owner\": \"Wallace Schuster\"}',2,'2014-09-09 21:34:26','2021-04-30 20:16:56'),(80,14,'http://dropbox.net/vk/ipsum.mp4',14848,'{\"owner\": \"Sierra Fay\"}',3,'2015-08-21 07:25:23','2021-04-30 20:16:56'),(81,76,'http://dropbox.net/vk/sit.png',40854,'{\"owner\": \"Kitty Quitzon\"}',3,'2015-02-09 19:04:29','2021-04-30 20:16:56'),(82,21,'http://dropbox.net/vk/lorem.png',22378,'{\"owner\": \"Marcelo Schuster\"}',3,'2018-10-09 21:52:19','2021-04-30 20:16:56'),(83,62,'http://dropbox.net/vk/dolor.avi',21189,'{\"owner\": \"Katheryn Dickinson\"}',2,'2015-07-08 10:02:28','2021-04-30 20:16:56'),(84,92,'http://dropbox.net/vk/ipsum.jpeg',38525,'{\"owner\": \"Cullen Dooley\"}',2,'2020-08-23 04:26:34','2021-04-30 20:16:56'),(85,99,'http://dropbox.net/vk/ipsum.mp4',42296,'{\"owner\": \"Rico Balistreri\"}',2,'2017-05-19 20:14:10','2021-04-30 20:16:56'),(86,100,'http://dropbox.net/vk/amet.mp4',29872,'{\"owner\": \"Aylin Parker\"}',3,'2014-03-24 17:32:50','2021-04-30 20:16:56'),(87,26,'http://dropbox.net/vk/amet.jpeg',25504,'{\"owner\": \"Samara Denesik\"}',2,'2017-05-02 14:08:58','2021-04-30 20:16:56'),(88,98,'http://dropbox.net/vk/elit.png',40840,'{\"owner\": \"Lucas Grady\"}',3,'2016-03-07 22:48:56','2021-04-30 20:16:56'),(89,95,'http://dropbox.net/vk/elit.avi',39741,'{\"owner\": \"Marion White\"}',2,'2020-06-15 15:51:16','2021-04-30 20:16:56'),(90,46,'http://dropbox.net/vk/amet.mp3',42501,'{\"owner\": \"Loy Kertzmann\"}',2,'2020-01-29 08:41:30','2021-04-30 20:16:56'),(91,48,'http://dropbox.net/vk/consectetur.mp3',32673,'{\"owner\": \"Jerrell Wisozk\"}',1,'2018-09-01 09:04:41','2021-04-30 20:16:56'),(92,16,'http://dropbox.net/vk/eum.mp3',35900,'{\"owner\": \"Yesenia Krajcik\"}',1,'2015-01-29 21:47:12','2021-04-30 20:16:56'),(93,7,'http://dropbox.net/vk/adipisicing.avi',42390,'{\"owner\": \"Citlalli Gleason\"}',1,'2019-12-30 03:24:09','2021-04-30 20:16:56'),(94,60,'http://dropbox.net/vk/elit.jpeg',24961,'{\"owner\": \"Brando Rodriguez\"}',3,'2014-02-27 15:23:17','2021-04-30 20:16:56'),(95,78,'http://dropbox.net/vk/elit.png',43585,'{\"owner\": \"Foster Kshlerin\"}',1,'2016-02-01 08:41:35','2021-04-30 20:16:56'),(96,77,'http://dropbox.net/vk/adipisicing.png',20334,'{\"owner\": \"Werner Stamm\"}',3,'2014-07-26 06:25:19','2021-04-30 20:16:56'),(97,69,'http://dropbox.net/vk/adipisicing.avi',27381,'{\"owner\": \"Adolphus Nicolas\"}',1,'2017-06-08 02:26:58','2021-04-30 20:16:56'),(98,45,'http://dropbox.net/vk/adipisicing.mp4',42063,'{\"owner\": \"Lafayette Boyer\"}',2,'2014-04-18 20:01:45','2021-04-30 20:16:56'),(99,5,'http://dropbox.net/vk/ipsum.mp3',17061,'{\"owner\": \"Kacie Cruickshank\"}',3,'2016-07-11 17:49:35','2021-04-30 20:16:56'),(100,65,'http://dropbox.net/vk/adipisicing.mp3',33698,'{\"owner\": \"Melany Glover\"}',2,'2021-03-10 05:09:57','2021-04-30 20:16:56');
/*!40000 ALTER TABLE `media` ENABLE KEYS */;
UNLOCK TABLES;

--
-- Table structure for table `media_types`
--

DROP TABLE IF EXISTS `media_types`;
/*!40101 SET @saved_cs_client     = @@character_set_client */;
/*!50503 SET character_set_client = utf8mb4 */;
CREATE TABLE `media_types` (
  `id` int unsigned NOT NULL AUTO_INCREMENT COMMENT 'Идентификатор строки',
  `name` varchar(255) CHARACTER SET utf8mb4 COLLATE utf8mb4_unicode_ci NOT NULL COMMENT 'Название типа',
  `created_at` datetime DEFAULT CURRENT_TIMESTAMP COMMENT 'Время создания строки',
  `updated_at` datetime DEFAULT CURRENT_TIMESTAMP ON UPDATE CURRENT_TIMESTAMP COMMENT 'Время обновления строки',
  PRIMARY KEY (`id`),
  UNIQUE KEY `name` (`name`)
) ENGINE=InnoDB AUTO_INCREMENT=4 DEFAULT CHARSET=utf8mb4 COLLATE=utf8mb4_unicode_ci COMMENT='Типы медиафайлов';
/*!40101 SET character_set_client = @saved_cs_client */;

--
-- Dumping data for table `media_types`
--

LOCK TABLES `media_types` WRITE;
/*!40000 ALTER TABLE `media_types` DISABLE KEYS */;
INSERT INTO `media_types` VALUES (1,'photo','2021-04-30 20:25:17','2021-04-30 20:25:17'),(2,'video','2021-04-30 20:25:17','2021-04-30 20:25:17'),(3,'audio','2021-04-30 20:25:17','2021-04-30 20:25:17');
/*!40000 ALTER TABLE `media_types` ENABLE KEYS */;
UNLOCK TABLES;

--
-- Table structure for table `messages`
--

DROP TABLE IF EXISTS `messages`;
/*!40101 SET @saved_cs_client     = @@character_set_client */;
/*!50503 SET character_set_client = utf8mb4 */;
CREATE TABLE `messages` (
  `id` int unsigned NOT NULL AUTO_INCREMENT COMMENT 'Идентификатор строки',
  `from_user_id` int unsigned NOT NULL COMMENT 'Ссылка на отправителя сообщения',
  `to_user_id` int unsigned NOT NULL COMMENT 'Ссылка на получателя сообщения',
  `body` text CHARACTER SET utf8mb4 COLLATE utf8mb4_unicode_ci NOT NULL COMMENT 'Текст сообщения',
  `is_important` tinyint(1) DEFAULT NULL COMMENT 'Признак важности',
  `is_delivered` tinyint(1) DEFAULT NULL COMMENT 'Признак доставки',
  `created_at` datetime DEFAULT CURRENT_TIMESTAMP COMMENT 'Время создания строки',
  PRIMARY KEY (`id`)
) ENGINE=InnoDB AUTO_INCREMENT=101 DEFAULT CHARSET=utf8mb4 COLLATE=utf8mb4_unicode_ci COMMENT='Сообщения';
/*!40101 SET character_set_client = @saved_cs_client */;

--
-- Dumping data for table `messages`
--

LOCK TABLES `messages` WRITE;
/*!40000 ALTER TABLE `messages` DISABLE KEYS */;
INSERT INTO `messages` VALUES (1,11,1,'Totam exercitationem in magnam sunt ducimus ab sed. Accusamus unde adipisci earum commodi dolorem similique explicabo rerum. Odio molestiae tenetur quo earum aut ad quia.',0,0,'2018-04-30 21:22:36'),(2,86,66,'Doloribus itaque qui corporis aut sed et odio. Iure accusamus qui excepturi voluptatum. Et odio nemo enim soluta eligendi et molestias quidem.',0,1,'2019-11-28 13:17:41'),(3,22,94,'Id eos alias facere perspiciatis tenetur ab culpa. Ducimus ex dicta ea est id laudantium voluptas aut. Eveniet quam unde maxime inventore neque rerum sit. Modi doloremque accusantium corrupti quibusdam.',0,0,'2014-10-26 10:36:48'),(4,87,31,'Odit dolor molestiae rerum deleniti accusantium et fugit. Omnis minima ab fugiat iste ad. Et iste unde repellendus asperiores veniam.',0,0,'2020-09-04 00:38:25'),(5,41,49,'Dolor et ea aut reiciendis laboriosam cum doloribus ut. Rerum eius rerum doloremque non aspernatur laborum iusto. Consectetur voluptates sunt saepe iure qui sequi fugiat.',1,0,'2019-10-11 07:42:33'),(6,26,27,'Rem alias et rerum autem. Pariatur tempore accusantium odit sunt maiores. Aut doloremque error repellendus et magnam molestiae.',1,1,'2018-07-01 04:58:40'),(7,82,8,'Inventore dolor et eum voluptatem adipisci reprehenderit ea. Numquam nihil qui rerum nam. Quod adipisci velit doloremque quia vitae doloremque. Aliquid sunt voluptatem et doloribus enim quia.',0,0,'2017-06-28 01:38:58'),(8,33,98,'Magni incidunt voluptatum vel beatae vero. Ut quia dolorum sed praesentium aut adipisci. Consequatur ad omnis quisquam tempora. Quo praesentium maiores eos aperiam quam optio consequatur.',1,0,'2020-10-02 02:47:21'),(9,41,12,'Id voluptas tempora possimus velit est minus. Officia dolor aut perspiciatis beatae natus perferendis. Eum minus voluptatem assumenda. Aperiam dolor vitae molestiae blanditiis.',0,0,'2013-09-13 15:07:38'),(10,22,82,'Eum nobis consequatur fugiat vel aliquam. Omnis ut amet eius dicta aut quos sit.',0,1,'2020-02-26 20:13:53'),(11,20,43,'Perferendis quo rerum vel in. Nihil dolores quas illum a rerum reiciendis ipsum. Animi modi nihil quis ut et.',1,1,'2015-08-29 08:37:35'),(12,37,67,'Est voluptas accusantium omnis ut voluptas. Dolores magnam nesciunt omnis ad. Cumque nesciunt dolor voluptas qui commodi maxime. Dolores dolore possimus quia.',0,1,'2019-04-09 00:51:16'),(13,44,65,'Repudiandae et et sed velit. Quas perspiciatis ea nihil sed delectus.',1,1,'2019-12-07 11:02:53'),(14,10,5,'Iure voluptas et officia dolore. Aut voluptas dolor distinctio doloribus enim. Molestiae nulla itaque iure sit saepe.',1,1,'2020-08-14 13:06:26'),(15,86,66,'Ea suscipit dolorem quam dignissimos et necessitatibus nisi. Sapiente qui reprehenderit et sit facere. Dolorum ipsum cumque ratione omnis architecto aut.',1,1,'2012-03-16 15:24:25'),(16,83,96,'Enim animi officiis qui aspernatur nostrum est officia. Odit at sunt sint architecto. Ea laboriosam deleniti atque voluptates ut repellat consequatur cumque. Dolorem odit repudiandae sit voluptatum sed. Et velit consectetur ut exercitationem.',1,0,'2012-09-01 00:56:37'),(17,67,69,'Quibusdam maxime veritatis et est sunt odio. Quidem laudantium maxime ab culpa quasi molestiae accusamus. Voluptas quod ut qui. Magnam harum aut inventore.',0,1,'2012-09-07 07:26:45'),(18,62,88,'Maxime et nam ut ea veniam consectetur. Neque libero aspernatur et et temporibus. Omnis magni ullam nostrum corporis itaque facilis.',1,0,'2017-07-03 23:50:46'),(19,62,48,'Temporibus deleniti ipsum quae. Vero nam exercitationem debitis odit excepturi non. Ut quisquam autem et distinctio qui cumque sint.',1,1,'2016-12-23 09:52:45'),(20,19,3,'Tenetur pariatur soluta qui eum. A itaque aliquam ratione nesciunt. Similique incidunt voluptatem ea saepe magni mollitia.',0,1,'2019-02-05 13:22:52'),(21,97,44,'Placeat dolorem omnis qui consequatur eos. Eveniet natus officia et. Impedit voluptatem amet deleniti iusto dolore mollitia sapiente.',0,0,'2012-10-28 19:59:58'),(22,29,79,'Eos in inventore voluptatem modi itaque amet. Adipisci qui cumque pariatur consequatur neque. Ut nostrum vel optio aut tempora assumenda. Molestiae itaque voluptatem at voluptas quam.',0,0,'2017-11-01 13:55:18'),(23,51,61,'Quae aspernatur molestiae et. Tempore numquam repudiandae sapiente adipisci non sit ad voluptatem. Sed nobis accusantium voluptatibus tempora. Id ut nemo quibusdam quia laborum vitae aut nihil.',0,1,'2020-01-30 03:03:37'),(24,76,91,'Esse ut ad aperiam rem. Et eius necessitatibus illum qui dolor recusandae. Molestiae mollitia id temporibus quibusdam quam aliquam consectetur.',0,0,'2014-04-13 20:32:24'),(25,73,98,'Et consequatur omnis qui. Similique nihil in sed tenetur qui unde quia. Nihil dolores laudantium quas reprehenderit placeat autem debitis libero. Dolores et possimus magni provident corrupti facere.',0,0,'2015-12-20 07:27:53'),(26,73,92,'Rerum sed quia unde accusantium minus. Iure aut animi qui nam. Ducimus nesciunt distinctio nostrum tempora. Perspiciatis praesentium modi necessitatibus consequatur. Ab esse ipsa ad dolor quod sed.',0,0,'2017-09-24 14:39:03'),(27,40,10,'Aspernatur at quasi facilis ea eveniet. Possimus ipsum excepturi enim sapiente exercitationem quia.',0,0,'2020-11-14 15:45:56'),(28,58,83,'Consequatur occaecati corrupti eum numquam quam. Autem quas doloremque non quae et. Harum aut culpa voluptate beatae et consequatur. Et consequuntur et vitae omnis et quidem accusantium.',0,0,'2019-06-22 11:42:39'),(29,75,67,'Sit cupiditate consequuntur reiciendis. Quae omnis impedit fuga labore. Harum et voluptatum odio nulla sed eum tempora et.',0,0,'2014-07-02 16:26:09'),(30,88,60,'Ut nulla voluptates veritatis perferendis perspiciatis nisi animi minus. Dolor impedit dolorem vero cupiditate. Aperiam alias explicabo eligendi ipsam. Harum ea velit ratione aut illo qui. Molestiae aut ipsum porro consequuntur minima aliquid eligendi nemo.',1,0,'2017-12-07 00:36:12'),(31,33,71,'Aut voluptatem rem qui ratione voluptates aut. Assumenda ex fugit nihil aliquam fugit commodi et. Ea quam totam est ut minus optio nulla nisi. Cumque saepe iure qui tempore.',0,0,'2015-02-09 22:53:11'),(32,55,99,'Error odit excepturi ea cumque voluptatem rerum aperiam voluptatum. Accusantium occaecati unde nostrum dolorem exercitationem aut. Saepe atque nemo quasi. Mollitia veniam mollitia praesentium beatae qui est tempora. Beatae et nesciunt dolorem.',1,0,'2019-03-07 03:22:33'),(33,39,16,'Voluptatem quaerat illo a molestiae sit. Cumque dolorum eos enim voluptas vel consequatur omnis. Est modi est cupiditate dolores similique sed culpa.',1,0,'2021-03-13 21:18:26'),(34,86,100,'Magnam ipsum iusto unde omnis voluptatem ab impedit. Mollitia possimus necessitatibus ex sed. Qui et labore eos temporibus commodi incidunt. Accusantium ipsam voluptate qui vel ut. Neque et enim sequi quisquam dolores inventore dignissimos.',0,1,'2013-03-31 14:06:37'),(35,64,4,'Ut quod pariatur eum totam sint et. Illum aut sed iure quia dolores quos hic. Ut aspernatur error quasi cum.',1,1,'2012-05-30 06:16:48'),(36,2,61,'Alias ipsa voluptatum consequatur. Sunt eligendi provident laboriosam dolores velit. Quidem ipsam tenetur vel necessitatibus ut culpa at rerum.',1,0,'2012-07-02 22:02:44'),(37,47,31,'Asperiores dignissimos ut molestiae animi. Sit enim reiciendis earum at. Quidem eos consequatur in magnam voluptas.',1,0,'2020-01-02 23:27:36'),(38,39,98,'Numquam pariatur culpa eum neque sit. Praesentium animi iusto ipsa aut quibusdam hic. Quod error aut et omnis saepe. Et accusantium quidem minima eveniet.',1,1,'2018-06-20 13:32:30'),(39,91,14,'Delectus quae maxime eos facere. Error aspernatur omnis sapiente reprehenderit. Fugit cumque qui et est et. A cumque laudantium reprehenderit quis.',0,1,'2012-01-03 07:53:19'),(40,89,63,'Doloremque aliquam vel quae maiores vel qui. Ab doloremque quidem qui ducimus ab et distinctio tenetur. Tempora architecto nostrum qui voluptatum aut at. Magni earum voluptate facere atque id.',1,1,'2014-02-09 11:40:11'),(41,11,62,'Et voluptate est soluta aperiam. Tenetur et occaecati corporis nulla at. Veniam cupiditate voluptas assumenda ut culpa eius libero aperiam. Omnis consequatur id dolor necessitatibus.',0,0,'2020-12-26 19:09:25'),(42,55,50,'Et vero placeat dolor sint enim in. Corporis quibusdam odit repudiandae nam magni harum. Ea laboriosam labore ab sequi rem sint eos.',0,0,'2012-11-14 07:46:42'),(43,71,12,'A libero beatae iusto tempora dolorem eum qui. Nulla maxime aliquid qui ducimus. Asperiores est temporibus tempore temporibus fuga qui. Repudiandae dolorem assumenda quam repellendus ut.',0,1,'2020-04-07 02:39:37'),(44,33,46,'Asperiores distinctio eveniet ut nobis. Et in rerum ut distinctio esse eos.',0,1,'2018-01-14 06:18:05'),(45,79,21,'Sunt id aperiam ad consequatur voluptatem totam ut. Voluptas quos quis nam qui. Unde nulla eos qui quos nihil quo. Assumenda pariatur unde quae ut quia officia.',1,0,'2014-10-02 13:11:31'),(46,5,11,'Assumenda amet ad quibusdam libero. In ad culpa magnam debitis qui. Accusamus cupiditate natus dolorem quas et. Placeat voluptatem et dolorem vitae omnis accusantium tempora.',0,0,'2014-11-24 23:35:26'),(47,91,59,'Incidunt fuga sed illum omnis qui enim excepturi. Dolore voluptas fugit vitae expedita. Qui aut omnis distinctio ipsam officia repudiandae. Vel voluptate dolorem aut quod ducimus et iure.',1,0,'2020-07-20 14:16:00'),(48,9,29,'Officiis rerum veritatis harum. Voluptates sequi libero iure et expedita accusantium. Dolore aut occaecati rerum voluptatem officia officia quis. Eius dolor possimus ea deleniti veniam. Qui est asperiores qui aut.',1,0,'2020-11-13 20:48:17'),(49,75,94,'Repellat eligendi inventore nostrum. Consequatur vel omnis quos deleniti. Repellat odio voluptatem esse voluptatibus distinctio rerum. Modi voluptatem est odio qui.',1,0,'2013-06-07 10:05:09'),(50,29,39,'Sit et hic id eligendi veritatis aliquam eaque. Excepturi tenetur nam earum. Ut libero omnis nulla quis aut ullam repellendus.',0,0,'2021-03-31 12:27:06'),(51,98,31,'Repellendus minima ut at voluptate nisi similique. Alias aliquid qui iusto nihil sit ducimus tenetur. Mollitia est ipsum necessitatibus suscipit voluptate repellat. Necessitatibus corporis dolore odio quod.',1,1,'2014-12-05 07:33:08'),(52,99,45,'In exercitationem vel qui commodi. Ut velit officiis aut. Culpa ea aut ut. Fugit laudantium et aliquid aut expedita quasi voluptas.',1,0,'2019-11-08 11:09:36'),(53,61,37,'Omnis delectus ut inventore sapiente voluptatibus minima aperiam. Labore quia sunt qui ut. Aspernatur consequatur non et. Sed omnis porro aliquid dolorum libero.',0,1,'2020-02-14 02:19:18'),(54,42,52,'Aut quo esse qui unde. Facilis fugiat voluptatem ut tempora sapiente fugit dolores. Necessitatibus deleniti voluptas velit eveniet quo ex sed.',1,1,'2015-10-17 17:03:47'),(55,50,31,'Repellat adipisci omnis reiciendis dolorem. Impedit voluptates animi officia laudantium. Architecto nemo fugit dolores nostrum ullam. Corrupti autem fuga quibusdam assumenda expedita.',1,1,'2017-03-11 06:42:41'),(56,15,61,'At consequatur et omnis voluptatem sapiente. Facilis illo consequuntur aut assumenda. Qui placeat atque dignissimos ut quisquam. Et consequatur consequatur cum sequi repudiandae tenetur.',0,1,'2019-12-14 14:49:33'),(57,93,69,'Recusandae fugiat alias dolore itaque. Itaque quis accusantium nemo sit dolor. Voluptas rerum tempore sed eligendi nam. A et ut id voluptate delectus quisquam.',0,1,'2015-08-21 13:11:17'),(58,11,63,'Sapiente placeat incidunt quia. Voluptas maiores voluptates nemo maiores deleniti adipisci est. Dolore laudantium aut nihil in.',1,0,'2015-08-17 00:31:33'),(59,81,43,'Et consequatur perferendis reiciendis et. Cum laudantium ut et non voluptate ab est et. Rerum et ducimus iste nostrum est.',0,1,'2017-07-09 21:25:02'),(60,8,59,'Omnis architecto rerum porro tenetur. Consequatur dignissimos provident doloremque itaque labore maiores. Enim nihil voluptatibus voluptatem qui.',1,1,'2018-09-11 05:23:12'),(61,64,13,'Nostrum et sunt corporis minus. Explicabo dolores provident cupiditate qui.',1,1,'2012-02-07 20:44:20'),(62,70,54,'Tenetur assumenda eum repellendus sit. Voluptatem veritatis recusandae nisi et fugit. Laboriosam ipsum placeat doloribus architecto odit quidem ratione.',0,1,'2016-05-31 19:08:01'),(63,72,78,'Ad cum numquam enim soluta quaerat eum. Natus voluptas voluptatum et aut culpa quam voluptatibus. Alias consequatur veniam accusamus asperiores tempore pariatur eveniet. Aspernatur inventore dolorum sit.',1,1,'2020-04-18 08:39:01'),(64,83,46,'At unde eos enim dignissimos et facere. Sunt vel nihil est quibusdam eveniet quas. Dolores nisi id facilis est architecto.',1,0,'2020-12-21 13:39:08'),(65,72,11,'Vel dicta et autem culpa reprehenderit aspernatur quo quisquam. Ullam consectetur aut qui aut veniam maiores. Sint optio nihil tempora aut mollitia aspernatur mollitia. Non molestias maiores iure accusamus commodi quam.',1,0,'2013-11-18 17:24:27'),(66,85,70,'Nisi id iusto voluptas quas error. Qui accusantium soluta officia omnis tempore aliquam.',1,0,'2016-11-09 11:23:37'),(67,41,83,'Non aspernatur at nihil perferendis vitae rerum. Eum tempore dolorum rem in sunt officia. Tempore sunt provident quo. Dolore enim vel nihil sint fugit atque magni. Quae cupiditate aut optio ipsa.',0,0,'2020-03-07 15:12:17'),(68,14,2,'Eveniet et consequatur rerum cum id quia. Eos omnis eos facere et incidunt necessitatibus consectetur. Blanditiis hic earum aut similique aut. Nihil accusantium id nihil et animi.',1,1,'2011-05-26 23:51:29'),(69,20,56,'Aut nostrum pariatur debitis aperiam qui et. Iste dolore pariatur labore itaque. Et unde quia sunt voluptate totam ipsum et sit. Tenetur sint aliquam possimus laborum.',0,1,'2018-05-01 14:58:42'),(70,53,70,'Enim quam aut vel et ut totam illo qui. Culpa modi quisquam molestiae voluptas quae qui omnis aut. Eum voluptatem reiciendis provident error molestiae. Est occaecati cupiditate vero optio harum velit fugit.',1,1,'2014-09-25 08:19:07'),(71,87,68,'Voluptatem et totam et voluptas et magni eos. Sed molestiae placeat animi laborum. Ullam excepturi exercitationem et quis ea rerum soluta.',1,0,'2013-07-08 07:45:28'),(72,30,79,'Veniam excepturi nesciunt officia consequatur voluptas omnis. Tenetur repellat error in. Minima rerum et omnis tenetur id explicabo est. Rerum laudantium sint iste dolore.',0,0,'2020-12-01 22:03:44'),(73,36,40,'Iure odit ex vel neque exercitationem dolores est officiis. Sit corrupti est praesentium perspiciatis. Expedita iusto similique et amet animi non. Commodi corporis porro ex reiciendis.',0,1,'2014-07-13 00:38:00'),(74,41,16,'Minima illum sit debitis minus. Odit reprehenderit laboriosam quia ad blanditiis voluptates. Iure sit fugiat dolorem commodi pariatur impedit provident maiores.',0,0,'2015-03-28 05:01:08'),(75,83,49,'Culpa et libero facilis assumenda explicabo qui. Consequuntur animi quia et et. Quia voluptas illo expedita expedita.',1,1,'2012-11-28 12:17:09'),(76,75,47,'Optio eligendi quas dolores quasi fugit. Voluptatem consequuntur deserunt id est. Incidunt velit magni et vel. Vel eveniet culpa est sit. Fugit dolorum repudiandae architecto ex.',1,0,'2020-08-14 07:53:14'),(77,61,44,'Perferendis repudiandae distinctio sequi rem. Sit tenetur voluptate sapiente ipsam ut occaecati. Velit quae quo ut necessitatibus dolorem placeat. Non quo quasi ad distinctio.',0,1,'2018-09-11 06:31:19'),(78,100,33,'Eius officia consequatur reprehenderit vel molestiae. Repellendus dolorem perspiciatis beatae dolore ratione rem non. Et eos iusto veniam dolorum eaque quasi sit quae.',0,0,'2013-06-27 03:29:14'),(79,22,82,'Eum unde expedita molestias suscipit earum qui. Fugit magni quos qui officia voluptatum accusamus. Expedita sed quod quisquam voluptatem consequuntur eaque.',0,1,'2013-06-22 00:19:43'),(80,79,94,'Maiores corrupti sed doloremque harum in praesentium. Est asperiores nobis suscipit autem vel molestiae neque. Ipsum occaecati nam repellendus corrupti debitis voluptatem.',1,0,'2013-01-24 12:26:13'),(81,93,63,'Amet non modi non consectetur odit esse aut. Labore earum tempore nihil quisquam corporis autem. Pariatur dignissimos voluptatibus laudantium autem. Quas fugiat debitis delectus error doloremque.',1,0,'2016-02-14 12:22:32'),(82,63,34,'Rerum adipisci non in. Cupiditate consequatur quod voluptas et vel sed.',1,1,'2017-01-08 21:50:39'),(83,46,76,'Possimus quisquam eos deleniti ipsam. Rerum fugit laboriosam doloremque laborum qui et ex corporis. Et id ipsam labore tenetur consequatur eius. Vel et deserunt eum consectetur dolorum.',1,1,'2018-05-03 05:00:32'),(84,35,65,'Voluptas voluptatum commodi tenetur fuga ipsa sint. Repellendus consectetur quo nihil eos porro voluptatem. Iure impedit ut accusantium voluptatem. Vel aut odio et laborum consequatur ducimus.',0,1,'2015-10-04 12:37:05'),(85,32,88,'Mollitia cum ut quaerat quae. Repellat sed quis qui occaecati id voluptas incidunt. Sit mollitia dolores earum possimus in ex et.',1,0,'2012-08-14 00:31:18'),(86,34,18,'Occaecati suscipit sapiente veritatis dolorem id quis nisi. Provident qui iusto suscipit necessitatibus libero magni. Modi qui ut quod voluptas saepe dolor ad.',0,0,'2013-11-17 04:16:46'),(87,55,64,'Voluptas eum praesentium ipsam delectus rem sed sint. Quo et tempore dolores quam aperiam doloremque architecto. Laudantium et qui aspernatur dolorem qui.',0,1,'2019-10-05 10:05:50'),(88,96,91,'Voluptate architecto quod ut iusto est architecto. Et cumque sit nobis sit quidem non ut rerum. Explicabo sit et repellendus voluptate dolores quis quos. Omnis maiores accusantium beatae provident voluptatem suscipit iusto.',1,0,'2015-05-14 19:40:06'),(89,3,37,'Sapiente eum tempora architecto ea consequatur aliquam. Ipsum id aliquid qui modi magni. Vero quia est sint ab vel ratione. Laboriosam iure et veniam assumenda est.',0,1,'2018-08-05 16:24:26'),(90,7,86,'Aut maxime sed tempore et porro commodi. Possimus officia hic aut fuga necessitatibus ab. Facere repellat ex esse veritatis. Cumque eos nostrum deserunt ut temporibus.',0,0,'2017-10-14 07:20:13'),(91,85,81,'Placeat quia omnis fuga consequatur aspernatur neque eaque. Mollitia molestiae maiores impedit dolores in. Nobis numquam et quae molestiae et accusantium.',0,1,'2017-01-14 17:42:22'),(92,32,46,'Assumenda voluptatem ut et velit. Deleniti qui possimus voluptate voluptas consequuntur. Et et beatae eum eaque aliquid et. Doloribus veniam iste nam ipsam maxime.',1,1,'2019-01-11 22:20:17'),(93,24,32,'Earum iusto quidem cupiditate quas velit facilis assumenda. Et hic neque vitae corrupti qui ad aspernatur inventore. Voluptatum consequuntur ea laboriosam asperiores ipsum.',1,1,'2021-02-12 21:34:35'),(94,79,46,'Eum voluptatum enim numquam eveniet. Ipsum iure commodi et voluptatibus ea. Ratione possimus ut explicabo eveniet.',1,1,'2020-10-29 23:20:15'),(95,14,57,'Numquam minus id qui nihil magni ipsa. Sit ut ipsum hic ut. Consectetur aut dolorem atque.',0,1,'2012-07-21 05:10:49'),(96,39,6,'Eius aut cum eos consectetur magni. Quia non voluptatem aut et. Non similique consectetur harum aut assumenda deserunt molestias.',0,0,'2015-03-16 13:20:05'),(97,19,2,'Illum doloribus cupiditate illo animi id aut commodi. Fugiat iure mollitia ut culpa non. Unde officia excepturi quas sunt.',1,0,'2018-05-09 14:07:20'),(98,40,64,'At qui amet voluptatem vel ipsum a et. Esse rerum ipsa quia voluptas dolorum ea maxime. Facere vel distinctio et quisquam temporibus eos. A et distinctio debitis explicabo quos facere earum. Et esse ipsa earum optio distinctio quam.',0,1,'2019-11-03 23:39:18'),(99,78,75,'Corporis qui expedita facere repellendus odio debitis numquam. Non harum velit aut minus quasi aut culpa. Aliquid aut expedita ullam enim fugit asperiores. Similique natus aut illum maxime laudantium nulla.',0,0,'2013-01-27 07:36:35'),(100,29,9,'Maxime qui odio illum modi rerum et unde. Ipsum eaque necessitatibus doloribus veniam suscipit. Maiores vero ducimus consequuntur ut.',1,1,'2020-07-11 16:37:34');
/*!40000 ALTER TABLE `messages` ENABLE KEYS */;
UNLOCK TABLES;

--
-- Table structure for table `profiles`
--

DROP TABLE IF EXISTS `profiles`;
/*!40101 SET @saved_cs_client     = @@character_set_client */;
/*!50503 SET character_set_client = utf8mb4 */;
CREATE TABLE `profiles` (
  `user_id` int unsigned NOT NULL,
  `gender` char(1) CHARACTER SET utf8mb4 COLLATE utf8mb4_unicode_ci NOT NULL,
  `birthday` date DEFAULT NULL,
  `city` varchar(100) CHARACTER SET utf8mb4 COLLATE utf8mb4_unicode_ci NOT NULL,
  `country` varchar(100) CHARACTER SET utf8mb4 COLLATE utf8mb4_unicode_ci NOT NULL,
  `created_at` datetime DEFAULT CURRENT_TIMESTAMP,
  `updated_ad` datetime DEFAULT CURRENT_TIMESTAMP ON UPDATE CURRENT_TIMESTAMP,
  PRIMARY KEY (`user_id`)
) ENGINE=InnoDB DEFAULT CHARSET=utf8mb4 COLLATE=utf8mb4_unicode_ci;
/*!40101 SET character_set_client = @saved_cs_client */;

--
-- Dumping data for table `profiles`
--

LOCK TABLES `profiles` WRITE;
/*!40000 ALTER TABLE `profiles` DISABLE KEYS */;
INSERT INTO `profiles` VALUES (1,'m','1978-10-30','Port Catharine','Congo','2011-11-23 15:59:04','2017-07-10 23:45:25'),(2,'m','1998-09-18','Daughertychester','Netherlands','2012-03-18 12:20:42','2016-08-01 12:49:29'),(3,'f','2005-02-20','Margemouth','Yemen','2020-02-25 11:51:37','2021-04-30 18:21:26'),(4,'m','2019-02-07','New Modesta','Netherlands Antilles','2015-08-07 22:26:16','2021-04-30 18:21:26'),(5,'m','1974-06-02','New Harry','United States Virgin Islands','2015-11-12 21:54:29','2017-07-19 13:13:49'),(6,'f','1975-01-16','Port Jeradfurt','Sri Lanka','2013-03-05 07:31:04','2018-03-01 21:40:37'),(7,'f','1970-05-18','Rohanland','American Samoa','2013-12-11 10:57:54','2014-06-15 03:29:25'),(8,'f','1990-08-03','West Cole','Oman','2016-07-08 02:52:14','2017-07-26 14:33:40'),(9,'f','2010-05-20','Serenityville','Korea','2016-01-01 11:50:57','2017-02-06 23:07:54'),(10,'m','1971-07-27','Andyfurt','Azerbaijan','2017-07-29 17:52:33','2021-04-30 18:21:26'),(11,'f','2003-11-20','North Sterlingmouth','Brazil','2013-06-10 16:03:45','2021-04-30 18:21:26'),(12,'f','1984-10-16','Sanfordborough','Tonga','2011-09-02 16:15:02','2013-12-08 10:15:04'),(13,'m','2017-11-13','New Sallie','Bouvet Island (Bouvetoya)','2020-06-22 18:25:49','2021-01-24 23:49:06'),(14,'f','2010-11-08','South Shayne','Jamaica','2013-09-06 03:04:34','2016-10-06 17:41:08'),(15,'m','2010-10-30','Lake Judahfurt','Norfolk Island','2019-10-20 17:21:40','2021-04-30 18:21:26'),(16,'m','1996-09-02','Clovismouth','Ireland','2013-01-24 01:32:09','2017-11-30 19:37:42'),(17,'m','2020-01-15','West Chadd','Yemen','2013-12-28 20:19:43','2014-10-20 03:51:20'),(18,'m','1985-01-29','West Clintville','Sao Tome and Principe','2012-08-17 00:15:14','2018-03-30 04:47:44'),(19,'m','2019-09-20','West Aida','Gambia','2011-12-19 12:24:54','2017-03-16 00:34:48'),(20,'m','1986-02-20','Bergstromfort','Isle of Man','2018-12-07 08:30:52','2021-04-30 18:21:26'),(21,'m','1994-10-31','New Gladyce','Antigua and Barbuda','2014-07-07 14:40:47','2020-02-25 07:39:08'),(22,'m','1986-04-01','Eusebiostad','Austria','2016-04-09 18:06:07','2021-04-30 18:21:26'),(23,'m','2000-11-11','New Orashire','Turkey','2014-03-09 22:41:58','2020-12-18 02:29:01'),(24,'f','1993-07-28','New Theodoraside','Holy See (Vatican City State)','2015-10-13 10:40:13','2020-12-30 14:24:34'),(25,'m','2014-04-28','South Samantaview','Turkmenistan','2015-09-21 15:26:33','2020-10-04 06:40:29'),(26,'m','2019-05-09','Marvinburgh','Chile','2018-08-10 13:05:43','2021-04-30 18:21:26'),(27,'f','1970-12-10','Lake Derrick','Nepal','2014-02-19 20:28:50','2014-12-14 02:03:41'),(28,'f','2005-07-14','Johnstonhaven','Paraguay','2016-01-02 03:06:59','2021-04-30 18:21:26'),(29,'m','1985-09-19','Lake Aubree','Guinea','2016-11-06 07:54:37','2019-11-14 23:18:40'),(30,'m','1994-04-08','South Margarete','Madagascar','2020-09-01 02:38:47','2021-04-30 18:21:26'),(31,'f','1996-02-09','Port Aisha','British Indian Ocean Territory (Chagos Archipelago)','2017-10-31 13:25:04','2021-04-30 18:21:26'),(32,'f','2014-04-20','North Luciousside','Guatemala','2020-01-23 01:39:01','2021-04-30 18:21:26'),(33,'f','1998-10-24','Kylashire','Comoros','2019-06-02 04:59:57','2021-04-30 18:21:26'),(34,'m','1991-04-06','West Marisol','Saint Barthelemy','2016-06-09 12:58:33','2018-07-23 09:00:39'),(35,'f','2011-07-24','Eulalialand','Belize','2013-09-22 06:31:59','2021-04-30 18:21:26'),(36,'m','1978-08-06','Corwinberg','Congo','2017-07-20 02:02:05','2021-04-30 18:21:26'),(37,'m','2002-04-16','Kearaport','Grenada','2012-05-16 20:09:47','2015-07-26 20:09:54'),(38,'f','2002-04-26','North Issac','Iran','2015-06-26 17:54:07','2015-09-25 00:37:04'),(39,'f','1985-11-07','Hammesland','Guernsey','2016-07-23 10:27:24','2021-04-30 18:21:26'),(40,'f','1974-01-02','Uptonberg','Poland','2018-12-26 16:05:41','2021-04-30 18:21:26'),(41,'m','1980-08-03','Lowehaven','Indonesia','2015-11-23 02:57:18','2017-10-01 07:39:44'),(42,'m','1980-05-20','Towneland','Aruba','2013-05-07 16:37:23','2017-02-16 08:32:30'),(43,'m','1988-10-16','Port Isabellebury','Kazakhstan','2013-10-11 10:54:13','2020-06-04 04:46:46'),(44,'m','2003-07-10','Sidbury','Nigeria','2014-03-19 02:41:03','2021-02-15 04:09:48'),(45,'f','1983-02-04','Gideonfort','Guinea','2011-10-19 11:59:48','2018-05-06 22:51:34'),(46,'m','1998-03-15','Batzton','Zambia','2016-02-22 23:20:36','2020-01-30 12:43:51'),(47,'f','2017-04-09','Reingerville','Iraq','2021-02-02 11:02:47','2021-04-30 18:21:26'),(48,'f','1988-09-08','Howardfort','New Caledonia','2020-01-28 13:15:29','2021-04-30 18:21:26'),(49,'m','1992-12-25','Lake Katherynmouth','Saudi Arabia','2012-01-27 21:27:49','2014-02-12 17:30:21'),(50,'m','1974-06-25','New Kenya','Switzerland','2017-12-03 15:32:09','2021-01-02 13:52:22'),(51,'m','2019-04-09','Fritschtown','United Kingdom','2017-05-17 18:49:01','2021-04-30 18:21:26'),(52,'m','1999-07-05','Myaberg','Guam','2014-12-08 23:44:35','2021-04-30 18:21:26'),(53,'f','1980-09-05','Lake Caitlynside','Ecuador','2019-12-05 02:13:39','2021-04-30 18:21:26'),(54,'f','1991-06-23','Adeliamouth','Tunisia','2015-09-08 20:04:13','2015-11-22 02:08:19'),(55,'m','2014-03-07','Handtown','Indonesia','2015-10-09 11:11:40','2016-02-26 08:20:07'),(56,'f','2004-01-21','New Jennie','Mongolia','2018-03-17 10:21:59','2021-04-30 18:21:26'),(57,'f','2007-06-15','Luettgenfurt','New Zealand','2013-03-18 06:59:00','2017-03-03 01:06:37'),(58,'f','1989-08-17','East Nataliechester','Oman','2017-04-19 14:56:52','2021-04-30 18:21:26'),(59,'f','2003-05-16','North Oscar','Iraq','2014-03-30 18:19:29','2019-10-11 09:41:56'),(60,'m','1993-11-09','East Ila','Sao Tome and Principe','2018-03-13 20:09:00','2021-04-30 18:21:26'),(61,'m','1984-09-29','West Neva','Holy See (Vatican City State)','2019-09-25 05:24:56','2021-04-30 18:21:26'),(62,'m','2012-12-01','South Tatum','Mayotte','2012-02-10 18:59:15','2012-10-01 19:43:55'),(63,'f','1986-07-14','Letitiastad','Iran','2011-11-05 18:51:29','2017-08-26 18:03:35'),(64,'m','2012-10-12','Juliashire','Hong Kong','2016-12-12 22:14:47','2020-07-07 08:48:22'),(65,'f','1977-06-03','East Phyllisville','Sri Lanka','2017-08-20 21:58:39','2021-04-30 18:21:26'),(66,'f','2005-05-19','Jerelfort','Togo','2017-05-04 08:45:23','2021-04-30 18:21:26'),(67,'m','2006-04-19','Goyetteville','Norway','2020-09-15 05:17:31','2021-04-30 18:21:26'),(68,'f','1990-05-29','South Lowell','Georgia','2021-02-03 09:59:10','2021-04-30 18:21:26'),(69,'m','1987-08-20','North Harrybury','Lithuania','2018-02-27 10:49:17','2021-04-30 18:21:26'),(70,'m','2017-03-14','North Gertrudestad','Antarctica (the territory South of 60 deg S)','2011-11-09 15:57:11','2017-03-10 01:22:33'),(71,'m','1977-09-01','North Cecil','Comoros','2018-04-18 21:34:38','2021-04-30 18:21:26'),(72,'m','1987-03-14','Hoegerville','Zimbabwe','2018-06-16 06:06:29','2020-05-12 09:55:19'),(73,'m','1975-04-22','Port Susan','Switzerland','2017-08-10 11:49:48','2020-09-01 19:47:32'),(74,'m','1971-05-15','Mckaylaview','Togo','2014-05-28 17:56:37','2015-08-08 05:49:49'),(75,'f','1994-01-25','East Ayden','Kazakhstan','2016-05-20 20:22:14','2019-08-26 07:53:41'),(76,'f','2006-08-18','Lake Demetrius','Bouvet Island (Bouvetoya)','2019-06-07 21:55:00','2021-04-30 18:21:26'),(77,'f','2004-01-09','Lourdesmouth','Norway','2011-10-19 16:51:09','2016-10-03 17:37:34'),(78,'f','1987-10-09','North Camillahaven','Slovenia','2018-12-31 11:40:37','2021-04-30 18:21:26'),(79,'m','2000-04-20','Port Clydebury','Senegal','2018-05-24 06:40:15','2021-04-30 18:21:26'),(80,'f','2018-04-18','Jadonstad','Taiwan','2020-02-05 03:19:36','2021-04-30 18:21:26'),(81,'f','1991-08-20','South Thorastad','Nauru','2018-06-07 15:29:20','2021-04-30 18:21:26'),(82,'m','2007-09-26','New Markus','Kyrgyz Republic','2015-02-14 09:51:08','2015-09-18 07:02:30'),(83,'m','1981-02-03','Bogisichhaven','Saint Barthelemy','2020-04-13 00:13:17','2021-04-30 18:21:26'),(84,'f','2013-03-30','Goldaville','Antarctica (the territory South of 60 deg S)','2019-06-01 13:41:16','2021-04-30 18:21:26'),(85,'m','1982-05-11','North Lorenzaberg','Guyana','2014-04-10 02:41:08','2021-04-30 18:21:26'),(86,'m','1998-04-11','North Nettie','Singapore','2020-05-27 21:59:34','2021-04-30 18:21:26'),(87,'m','2000-04-10','Zemlakstad','Taiwan','2018-11-10 16:28:35','2021-04-30 18:21:26'),(88,'f','2002-06-17','Keelingville','Nicaragua','2012-10-14 17:04:59','2021-04-30 18:21:26'),(89,'f','2000-11-12','South Elisha','Bhutan','2019-01-27 02:08:01','2021-04-30 18:21:26'),(90,'f','2003-01-19','Rueckertown','Germany','2015-09-27 12:28:54','2021-04-30 18:21:26'),(91,'m','1984-10-17','Connellychester','Mali','2020-04-08 01:17:54','2021-04-30 18:21:26'),(92,'f','1990-12-12','North Ettieside','Tunisia','2011-12-04 23:09:18','2013-08-03 17:11:31'),(93,'m','2015-04-19','East Kaseyton','Chile','2015-10-16 17:58:40','2018-04-13 17:30:21'),(94,'m','2010-08-14','Effertzchester','Kuwait','2018-04-18 07:54:18','2021-04-30 18:21:26'),(95,'m','1992-07-18','North Sharon','Serbia','2012-03-13 05:31:58','2018-05-23 03:19:11'),(96,'m','1988-05-09','Fisherfurt','Norway','2013-06-12 11:34:12','2015-09-13 19:32:50'),(97,'f','1990-05-12','Port Forrestton','United Arab Emirates','2012-02-01 18:28:18','2015-09-11 19:16:31'),(98,'f','1976-07-26','West Marley','Singapore','2015-04-11 05:32:17','2021-04-30 18:21:26'),(99,'m','2019-01-07','North Victorfurt','Chile','2015-05-19 15:25:07','2021-04-30 18:21:26'),(100,'f','1999-10-13','New Ameliachester','Norway','2018-09-08 19:38:15','2021-04-30 18:21:26');
/*!40000 ALTER TABLE `profiles` ENABLE KEYS */;
UNLOCK TABLES;

--
-- Table structure for table `users`
--

DROP TABLE IF EXISTS `users`;
/*!40101 SET @saved_cs_client     = @@character_set_client */;
/*!50503 SET character_set_client = utf8mb4 */;
CREATE TABLE `users` (
  `id` int unsigned NOT NULL AUTO_INCREMENT,
  `first_name` varchar(100) CHARACTER SET utf8mb4 COLLATE utf8mb4_unicode_ci NOT NULL,
  `last_name` varchar(100) CHARACTER SET utf8mb4 COLLATE utf8mb4_unicode_ci NOT NULL,
  `email` varchar(100) CHARACTER SET utf8mb4 COLLATE utf8mb4_unicode_ci NOT NULL,
  `phone` varchar(100) CHARACTER SET utf8mb4 COLLATE utf8mb4_unicode_ci NOT NULL,
  `created_at` datetime DEFAULT CURRENT_TIMESTAMP,
  `updated_ad` datetime DEFAULT CURRENT_TIMESTAMP ON UPDATE CURRENT_TIMESTAMP,
  PRIMARY KEY (`id`)
) ENGINE=InnoDB AUTO_INCREMENT=101 DEFAULT CHARSET=utf8mb4 COLLATE=utf8mb4_unicode_ci;
/*!40101 SET character_set_client = @saved_cs_client */;

--
-- Dumping data for table `users`
--

LOCK TABLES `users` WRITE;
/*!40000 ALTER TABLE `users` DISABLE KEYS */;
INSERT INTO `users` VALUES (1,'Rosetta','Kilback','boyle.dale@example.net','464-152-6010x563','2016-12-21 02:10:27','2017-07-19 14:53:00'),(2,'Samanta','Kozey','moses.parker@example.net','04685196747','2018-08-12 19:50:23','2020-03-22 13:55:45'),(3,'Kamille','Mills','pfannerstill.alexis@example.org','1-148-387-5752','2014-03-10 08:31:24','2019-02-05 11:19:55'),(4,'Alva','Roob','mathilde.kohler@example.net','+73(1)2159377244','2016-10-31 14:17:39','2021-04-30 18:18:59'),(5,'Kacie','Cruickshank','nova11@example.com','1-603-522-2562','2020-04-05 04:57:12','2021-04-30 18:18:59'),(6,'Guillermo','Koepp','adrienne95@example.net','311-194-8626','2018-01-07 04:23:40','2021-04-30 18:18:59'),(7,'Citlalli','Gleason','rohan.dustin@example.com','1-998-606-7915x3512','2016-07-04 13:15:06','2018-06-14 18:17:24'),(8,'Willard','Windler','wbogisich@example.net','993.092.6981x21530','2019-10-22 05:40:55','2021-04-30 18:18:59'),(9,'Ericka','Koepp','mdeckow@example.org','(210)368-2670','2016-08-06 13:42:01','2018-04-16 20:12:46'),(10,'Laura','Heller','laurine.zulauf@example.net','(653)574-1236','2015-04-19 06:57:19','2021-04-30 18:18:59'),(11,'Pamela','O\'Kon','kschimmel@example.net','01715941637','2019-04-11 07:39:05','2021-04-30 18:18:59'),(12,'Shayna','Dickinson','aleannon@example.net','808.393.4589','2012-01-13 04:22:22','2019-04-13 16:03:20'),(13,'Olga','Leuschke','becker.gertrude@example.org','+61(8)0601308724','2014-03-08 08:12:48','2021-03-20 12:29:29'),(14,'Sierra','Fay','nrohan@example.org','216.006.7732x9760','2014-12-14 20:50:27','2015-10-07 08:21:57'),(15,'Mabelle','Zieme','cesar34@example.org','(966)173-5683x649','2020-01-27 08:04:22','2021-04-30 18:18:59'),(16,'Yesenia','Krajcik','brayan.stoltenberg@example.org','(895)552-3214x15807','2020-12-10 12:09:41','2021-04-30 18:18:59'),(17,'Clare','Konopelski','duncan.runte@example.net','1-680-403-9501x96942','2013-03-18 02:45:05','2018-09-18 22:39:17'),(18,'Clarabelle','Harvey','andrew.dicki@example.org','483.981.8471','2012-11-15 13:42:51','2019-07-08 13:01:06'),(19,'Westley','West','laverne.ortiz@example.com','+54(4)6533913587','2016-09-11 13:45:37','2016-11-04 20:49:42'),(20,'Adrien','Oberbrunner','runte.leanna@example.com','620.605.9049x924','2019-04-17 10:16:01','2021-04-30 18:18:59'),(21,'Marcelo','Schuster','aubrey52@example.org','05974542078','2015-06-07 13:04:42','2017-01-10 06:56:35'),(22,'Aylin','Spinka','melany.schneider@example.net','265-189-2085x5117','2019-12-04 11:02:25','2021-04-30 18:18:59'),(23,'Ophelia','Padberg','shanon89@example.net','1-793-578-5089x967','2013-11-29 22:40:49','2019-10-03 13:28:36'),(24,'Wilber','Borer','daniela74@example.net','1-122-523-9112x439','2012-02-05 09:21:25','2019-11-27 12:15:00'),(25,'Vivien','Pfannerstill','pascale.stehr@example.com','718.469.4792x38029','2014-03-20 06:09:50','2014-04-28 09:26:34'),(26,'Samara','Denesik','marianna.witting@example.org','838.712.4038x1480','2019-10-02 09:00:32','2021-04-30 18:18:59'),(27,'Bernardo','Senger','fhuel@example.org','+39(3)6749482677','2014-08-03 21:17:54','2015-02-14 19:06:22'),(28,'Elwyn','O\'Keefe','sallie33@example.com','(821)104-6382','2019-09-28 05:53:18','2020-06-16 23:12:47'),(29,'Jaydon','Dach','wgutmann@example.net','974-858-9785','2018-06-28 05:55:43','2021-04-30 18:18:59'),(30,'Nicolette','Klein','astark@example.net','+67(9)2814770759','2012-07-18 01:38:06','2016-03-27 23:55:46'),(31,'Brady','Bailey','ktromp@example.org','(545)507-4329','2018-02-03 07:30:14','2019-07-11 21:23:31'),(32,'Wallace','Schuster','hamill.shania@example.net','911.003.1938','2013-05-16 18:46:45','2021-02-06 08:01:05'),(33,'Wade','Runolfsson','iborer@example.net','567-511-0641x573','2016-01-18 16:46:42','2017-11-22 15:41:47'),(34,'Wiley','Hammes','dovie68@example.net','007.025.2565x6212','2016-04-13 18:43:10','2021-04-30 18:18:59'),(35,'Jarret','Crist','uwintheiser@example.com','(218)658-8404','2013-04-29 21:24:11','2019-02-15 17:27:32'),(36,'Adolphus','Batz','yhirthe@example.org','1-481-704-7712','2011-06-10 16:52:03','2019-11-20 15:52:46'),(37,'Pearline','Jacobson','sprice@example.com','415.361.4411','2012-04-08 05:46:58','2021-04-30 18:18:59'),(38,'Verna','Schulist','easter.jerde@example.com','1-305-035-3286','2017-05-24 05:59:33','2021-04-30 18:18:59'),(39,'Jennyfer','Heathcote','imani.bogan@example.com','(566)225-8080x19611','2012-05-15 11:16:23','2014-10-03 15:08:03'),(40,'Boyd','Effertz','pnikolaus@example.org','1-042-474-1065','2015-03-06 02:28:42','2020-02-04 01:31:05'),(41,'Rachael','Strosin','kurt.gorczany@example.com','856-636-4638x858','2013-07-21 10:12:03','2019-11-12 08:11:53'),(42,'Whitney','Pouros','abbie44@example.net','1-659-466-3346x5326','2015-01-25 18:30:32','2021-04-30 18:18:59'),(43,'Alisa','Franecki','agerlach@example.net','1-335-305-1448','2012-02-23 14:08:51','2020-09-04 17:25:19'),(44,'Natalia','McCullough','kruecker@example.org','077-264-0335','2019-07-02 20:27:29','2021-04-30 18:18:59'),(45,'Lafayette','Boyer','mccullough.diana@example.com','250.647.7762','2015-02-11 04:16:29','2017-08-25 11:04:54'),(46,'Loy','Kertzmann','felix58@example.org','1-699-355-9777x08103','2020-09-16 05:27:41','2021-04-30 18:18:59'),(47,'Lou','Emard','reggie.balistreri@example.org','990.457.7280','2014-02-05 20:43:26','2021-04-30 18:18:59'),(48,'Jerrell','Wisozk','marielle.fritsch@example.org','+11(7)4409668861','2012-03-06 09:13:29','2013-10-01 13:28:08'),(49,'Ursula','Gutmann','zena.prosacco@example.net','033-333-5049x02373','2019-08-05 23:27:24','2021-04-30 18:18:59'),(50,'Dahlia','Wyman','clotilde.lubowitz@example.net','440-225-2090x39004','2011-11-10 10:57:09','2013-05-28 20:25:30'),(51,'Darion','Wisoky','mose33@example.com','(762)825-5024','2011-06-17 23:07:10','2016-03-08 05:53:21'),(52,'Isabel','Fritsch','deshawn50@example.org','796.589.1033','2017-09-02 22:44:48','2018-03-14 06:47:00'),(53,'Devyn','Runte','therese.christiansen@example.com','1-645-807-1394x134','2017-09-03 23:26:26','2021-04-30 18:18:59'),(54,'Doris','Kautzer','mrutherford@example.net','287-631-9297','2012-01-31 23:35:27','2016-07-21 03:23:45'),(55,'Lucinda','Block','homenick.bernie@example.net','(656)867-2247x86880','2018-03-20 07:39:36','2021-04-30 18:18:59'),(56,'Eulah','Terry','jacobi.meagan@example.net','1-320-345-5743','2020-03-15 14:26:52','2021-04-30 18:18:59'),(57,'Marisol','Lynch','mafalda.kerluke@example.org','+87(3)7180827829','2020-05-14 14:28:29','2021-04-30 18:18:59'),(58,'Afton','Kulas','becker.rosalind@example.net','(867)987-8440','2011-12-24 19:32:25','2012-05-17 01:13:11'),(59,'Justyn','Daniel','ekling@example.org','127.836.7126x4232','2020-08-05 20:23:58','2021-04-30 18:18:59'),(60,'Brando','Rodriguez','issac73@example.net','1-091-166-2150x6654','2018-01-21 22:55:48','2021-04-15 05:03:05'),(61,'Reagan','Ward','prince62@example.com','472-088-0401x152','2019-10-10 20:17:43','2021-04-30 18:18:59'),(62,'Katheryn','Dickinson','qrippin@example.net','855.309.4280','2012-05-04 19:01:04','2021-04-30 18:18:59'),(63,'Hellen','Legros','schamberger.danika@example.org','1-041-695-3153x55408','2011-12-18 06:41:47','2014-05-14 08:50:51'),(64,'Lynn','Kreiger','stokes.mckenna@example.org','009-882-3799x2372','2016-02-18 22:09:22','2018-07-13 22:47:18'),(65,'Melany','Glover','clemke@example.net','218.566.0413x6938','2015-09-13 01:33:15','2021-04-30 18:18:59'),(66,'Martine','Lehner','amparo70@example.org','1-797-945-2992','2013-02-26 16:50:11','2021-04-30 18:18:59'),(67,'Mae','Gusikowski','jaycee39@example.org','03628881023','2020-01-08 11:26:01','2021-04-30 18:18:59'),(68,'Tiffany','Leannon','pconsidine@example.com','1-494-575-4143','2013-02-22 01:36:26','2017-06-06 12:27:56'),(69,'Adolphus','Nicolas','mario.bosco@example.net','1-094-780-4507','2018-04-15 05:13:34','2021-04-30 18:18:59'),(70,'Raphael','Wolf','carole.kulas@example.net','1-091-449-8749x26535','2013-05-05 12:55:56','2021-04-30 18:18:59'),(71,'Felix','White','pamela46@example.org','324-116-6969x300','2011-09-09 13:19:54','2019-05-21 06:45:55'),(72,'Cassie','Ratke','cody82@example.net','07271762755','2020-07-21 02:36:12','2021-04-30 18:18:59'),(73,'Angelo','Ward','antonina98@example.net','07207301102','2016-06-08 08:20:16','2018-05-01 18:49:00'),(74,'Jared','Hartmann','juanita92@example.net','584-861-4845x1050','2011-08-19 22:01:01','2016-06-24 02:23:46'),(75,'Earl','Nikolaus','ana.christiansen@example.org','(920)574-3966x7702','2013-05-29 06:51:42','2016-02-28 13:31:19'),(76,'Kitty','Quitzon','justice55@example.com','(125)130-0108x0874','2020-11-26 11:46:40','2021-04-30 18:18:59'),(77,'Werner','Stamm','daphne.beier@example.com','(197)923-9086x851','2015-11-21 03:17:23','2021-04-30 18:18:59'),(78,'Foster','Kshlerin','torphy.meaghan@example.org','1-897-266-3427','2017-05-25 22:03:14','2021-04-30 18:18:59'),(79,'Kassandra','Wunsch','xpacocha@example.net','(503)788-9940x156','2014-12-22 17:15:42','2021-04-30 18:18:59'),(80,'Alison','Monahan','verona.volkman@example.org','1-328-776-0976x5683','2014-01-12 06:39:04','2021-04-30 18:18:59'),(81,'Melba','Durgan','benedict.zemlak@example.org','968.640.2879x53969','2012-09-16 20:01:53','2017-01-19 15:19:03'),(82,'Randal','O\'Conner','anolan@example.net','690-959-2496x88321','2016-01-08 02:00:10','2018-10-16 06:46:27'),(83,'Edna','Huel','granville94@example.org','1-690-098-8132x4465','2020-04-17 05:50:00','2021-04-30 18:18:59'),(84,'Triston','Bechtelar','reed54@example.org','1-975-123-3338','2014-11-02 00:29:45','2015-08-12 12:03:35'),(85,'Kelsie','Kuphal','gardner96@example.org','1-977-513-5741x22191','2012-07-03 02:13:47','2015-06-05 13:29:40'),(86,'Ahmad','Quigley','dietrich.savanah@example.net','(892)971-6947','2016-03-16 12:29:02','2021-04-30 18:18:59'),(87,'Jeffery','Reichert','myrtis.bogan@example.org','081.777.2149','2015-02-22 15:15:36','2021-04-30 18:18:59'),(88,'Barrett','Rippin','ko\'connell@example.net','323.602.5567x8214','2014-03-14 09:36:22','2015-04-25 12:17:28'),(89,'Tatum','Emmerich','vfeeney@example.net','049-993-4948','2017-02-08 01:25:25','2020-04-24 15:37:56'),(90,'Weldon','Rempel','davion.reynolds@example.org','+55(4)5389753339','2019-04-27 02:35:17','2019-08-14 03:49:27'),(91,'Davon','Morar','wisoky.marguerite@example.com','1-331-108-8939','2015-04-12 09:38:05','2015-07-08 18:40:01'),(92,'Cullen','Dooley','tommie22@example.net','1-436-376-7560x2312','2021-02-01 22:07:23','2021-04-30 18:18:59'),(93,'Jada','Bashirian','mac.terry@example.net','075.127.2109','2020-09-27 14:21:39','2021-04-30 18:18:59'),(94,'Dane','Bechtelar','giovanna.reichert@example.org','+14(9)5947616395','2018-10-27 09:46:35','2021-04-30 18:18:59'),(95,'Marion','White','simonis.maryjane@example.org','+72(8)6154299552','2021-03-22 14:02:35','2021-04-30 18:18:59'),(96,'Lonny','Prohaska','rafaela.feil@example.net','231-086-6051x541','2013-04-25 14:53:02','2015-03-25 19:11:55'),(97,'Julien','Gutmann','cecelia08@example.com','1-098-862-7523x5519','2019-02-23 23:19:06','2021-04-05 13:13:55'),(98,'Lucas','Grady','ucollier@example.com','(097)635-7457','2013-11-29 02:05:05','2021-04-30 18:18:59'),(99,'Rico','Balistreri','kyler91@example.net','08589158872','2013-03-12 03:47:05','2017-11-24 08:10:20'),(100,'Aylin','Parker','elizabeth.kertzmann@example.org','013.030.1701x9501','2021-01-16 13:54:07','2021-04-30 18:18:59');
/*!40000 ALTER TABLE `users` ENABLE KEYS */;
UNLOCK TABLES;
/*!40103 SET TIME_ZONE=@OLD_TIME_ZONE */;

/*!40101 SET SQL_MODE=@OLD_SQL_MODE */;
/*!40014 SET FOREIGN_KEY_CHECKS=@OLD_FOREIGN_KEY_CHECKS */;
/*!40014 SET UNIQUE_CHECKS=@OLD_UNIQUE_CHECKS */;
/*!40101 SET CHARACTER_SET_CLIENT=@OLD_CHARACTER_SET_CLIENT */;
/*!40101 SET CHARACTER_SET_RESULTS=@OLD_CHARACTER_SET_RESULTS */;
/*!40101 SET COLLATION_CONNECTION=@OLD_COLLATION_CONNECTION */;
/*!40111 SET SQL_NOTES=@OLD_SQL_NOTES */;

-- Dump completed on 2021-05-07 17:12:26
